"","CHR","START","END","352","354","357","358","359","360","363","371","372","373","378","379","383"
"1",1,840001,2250000,1,1,-1,-1,0,0,-1,0,0,0,0,-1,-1
"2",1,2250000,2520001,1,0,-1,-1,0,0,-1,0,0,0,0,-1,-1
"3",1,2520001,6240000,1,0,-1,-1,0,-1,-1,0,0,0,0,-1,-1
"4",1,6240000,7500001,1,0,-1,-1,0,0,-1,0,0,0,0,-1,-1
"5",1,7500001,7770001,1,0,-1,-1,0,0,-1,1,0,0,0,-1,-1
"6",1,7770001,8220000,1,1,-1,-1,0,0,-1,1,0,0,0,-1,-1
"7",1,8220000,8220001,1,1,-1,-1,0,0,0,1,0,0,0,-1,-1
"8",1,8220001,8790000,1,1,-1,-1,0,0,1,1,0,0,0,-1,-1
"9",1,8790000,9150001,1,1,-1,-1,0,0,0,1,0,0,0,-1,-1
"10",1,9150001,10860000,1,1,-1,-1,0,0,-1,1,0,0,0,-1,-1
"11",1,10860000,12270000,1,0,-1,-1,0,0,-1,1,0,0,0,-1,-1
"12",1,12270000,12270001,1,0,-1,-1,0,0,0,1,0,0,0,-1,-1
"13",1,12270001,12720000,1,0,-1,-1,0,0,1,1,0,0,0,-1,-1
"14",1,12720000,12720001,1,0,-1,-1,0,0,0,1,0,0,0,-1,-1
"15",1,12720001,14940000,1,0,-1,-1,0,0,-1,1,0,0,0,-1,-1
"16",1,14940000,15600001,1,0,-1,-1,0,0,0,1,0,0,0,-1,-1
"17",1,15600001,15930000,1,0,-1,-1,0,0,1,1,0,0,0,-1,-1
"18",1,15930000,16800000,1,0,-1,-1,0,0,0,1,0,0,0,-1,-1
"19",1,16800000,17400001,1,0,-1,0,0,0,0,1,0,0,0,-1,-1
"20",1,17400001,17700001,1,0,-1,0,0,0,-1,1,0,0,0,-1,-1
"21",1,17700001,17970001,1,0,-1,-1,0,0,-1,1,0,0,0,-1,-1
"22",1,17970001,19320000,1,0,-1,-1,0,-1,-1,1,0,0,0,-1,-1
"23",1,19320000,21960000,1,0,-1,-1,0,0,-1,1,0,0,0,-1,-1
"24",1,21960000,24390000,1,0,-1,-1,0,0,0,1,0,0,0,-1,-1
"25",1,24390000,25860001,1,0,-1,0,0,0,0,1,0,0,0,-1,-1
"26",1,25860001,26610001,1,0,-1,0,0,0,-1,1,0,0,0,-1,-1
"27",1,26610001,27000001,1,0,-1,0,0,0,-1,1,1,0,0,-1,-1
"28",1,27000001,28290000,1,1,-1,0,0,0,-1,1,1,0,0,-1,-1
"29",1,28290000,29100000,1,1,-1,0,0,0,0,1,1,0,0,-1,-1
"30",1,29100000,29430000,1,0,-1,0,0,0,0,1,1,0,0,-1,-1
"31",1,29430000,29430001,1,0,-1,0,0,0,0,0,0,0,0,-1,-1
"32",1,29430001,29610001,1,0,-1,0,0,0,0,0,-2,0,0,-1,-1
"33",1,29610001,31020000,1,0,-1,0,0,-1,0,0,-2,0,0,-1,-1
"34",1,31020000,31020001,1,0,-1,0,0,0,0,0,-2,0,0,-1,-1
"35",1,31020001,31080000,1,0,-1,0,0,1,0,0,-2,0,0,-1,-1
"36",1,31080000,31080001,1,0,-1,0,0,1,0,0,0,0,0,-1,-1
"37",1,31080001,31140001,1,1,-1,0,0,1,0,0,0,0,0,-1,-1
"38",1,31140001,33960000,1,1,-1,0,0,1,0,1,0,0,0,-1,-1
"39",1,33960000,33990000,1,0,-1,0,0,1,0,1,0,0,0,-1,-1
"40",1,33990000,33990001,1,0,-1,0,0,0,0,1,0,0,0,-1,-1
"41",1,33990001,34140000,1,0,-1,0,0,-1,0,1,0,0,0,-1,-1
"42",1,34140000,35160001,1,0,-1,0,0,-1,0,0,0,0,0,-1,-1
"43",1,35160001,35640000,1,1,-1,0,0,-1,0,0,0,0,0,-1,-1
"44",1,35640000,35640001,1,1,-1,0,0,0,0,0,0,0,0,-1,-1
"45",1,35640001,36960000,1,1,-1,0,0,1,0,0,0,0,0,-1,-1
"46",1,36960000,36990000,1,0,-1,0,0,1,0,0,0,0,0,-1,-1
"47",1,36990000,36990001,1,0,-1,0,0,0,0,0,0,0,0,-1,-1
"48",1,36990001,37500001,1,0,-1,0,0,-1,0,0,0,0,0,-1,-1
"49",1,37500001,37920000,1,0,-1,0,0,-1,1,0,0,0,0,-1,-1
"50",1,37920000,37920001,1,0,-1,0,0,0,1,0,0,0,0,-1,-1
"51",1,37920001,38520001,1,1,-1,0,0,0,1,0,0,0,0,-1,-1
"52",1,38520001,38550000,1,1,-1,0,0,-1,1,0,0,0,0,-1,-1
"53",1,38550000,39420001,1,0,-1,0,0,-1,1,0,0,0,0,-1,-1
"54",1,39420001,39540000,1,1,-1,0,0,-1,1,0,0,0,0,-1,-1
"55",1,39540000,46830000,1,1,-1,0,0,0,1,0,0,0,0,-1,-1
"56",1,46830000,51660001,1,0,-1,0,0,0,1,0,0,0,0,-1,-1
"57",1,51660001,52350000,1,1,-1,0,0,0,1,0,0,0,0,-1,-1
"58",1,52350000,61500001,1,0,-1,0,0,0,1,0,0,0,0,-1,-1
"59",1,61500001,62460000,1,1,-1,0,0,0,1,0,0,0,0,-1,-1
"60",1,62460000,77970001,1,0,-1,0,0,0,1,0,0,0,0,-1,-1
"61",1,77970001,78630000,1,0,-1,0,0,0,1,1,0,0,0,-1,-1
"62",1,78630000,85590001,1,0,-1,0,0,0,1,0,0,0,0,-1,-1
"63",1,85590001,85770001,1,1,-1,0,0,0,1,0,0,0,0,-1,-1
"64",1,85770001,86700000,1,1,-1,0,0,0,1,0,0,-2,0,-1,-1
"65",1,86700000,93210001,1,1,-1,0,0,0,1,0,0,0,0,-1,-1
"66",1,93210001,93990001,1,1,-1,0,0,0,1,1,0,0,0,-1,-1
"67",1,93990001,95610000,1,1,-1,0,1,0,1,1,0,0,0,-1,-1
"68",1,95610000,95700000,1,1,-1,0,1,0,1,0,0,0,0,-1,-1
"69",1,95700000,96720000,1,1,-1,0,0,0,1,0,0,0,0,-1,-1
"70",1,96720000,99990001,1,0,-1,0,0,0,1,0,0,0,0,-1,-1
"71",1,99990001,100920000,1,1,-1,0,0,0,1,0,0,0,0,-1,-1
"72",1,100920000,108690001,1,0,-1,0,0,0,1,0,0,0,0,-1,-1
"73",1,108690001,110940000,1,1,-1,0,0,0,1,0,0,0,0,-1,-1
"74",1,110940000,120180001,1,0,-1,0,0,0,1,0,0,0,0,-1,-1
"75",1,120180001,121320001,1,1,-1,0,0,0,1,0,0,0,0,-1,-1
"76",1,121320001,145740000,1,1,-1,0,1,1,1,0,0,0,0,-1,-1
"77",1,145740000,149040001,1,1,-1,0,1,1,0,0,0,0,0,-1,-1
"78",1,149040001,149160000,1,1,-1,0,1,1,-1,-1,-2,0,0,-1,-1
"79",1,149160000,149220000,1,1,-1,0,1,1,0,-1,-2,0,0,-1,-1
"80",1,149220000,149850001,1,1,-1,0,1,1,0,0,0,0,0,-1,-1
"81",1,149850001,151980000,1,1,-1,0,1,1,0,1,1,0,0,-1,-1
"82",1,151980000,152040000,1,1,-1,0,1,1,0,0,1,0,0,-1,-1
"83",1,152040000,153480001,1,0,-1,0,1,1,0,0,1,0,0,-1,-1
"84",1,153480001,154410000,1,1,-1,0,1,1,0,0,1,0,0,-1,-1
"85",1,154410000,154920001,1,0,-1,0,1,1,0,0,1,0,0,-1,-1
"86",1,154920001,156750000,1,1,-1,0,1,1,0,0,1,0,0,-1,-1
"87",1,156750000,160950001,1,0,-1,0,1,1,0,0,1,0,0,-1,-1
"88",1,160950001,163590000,1,0,-1,0,1,1,1,0,1,0,0,-1,-1
"89",1,163590000,172320001,1,0,-1,0,1,1,0,0,1,0,0,-1,-1
"90",1,172320001,172650000,1,0,-1,0,1,1,1,0,1,0,0,-1,-1
"91",1,172650000,184320001,1,0,-1,0,1,1,0,0,1,0,0,-1,-1
"92",1,184320001,184950000,1,1,-1,0,1,1,0,0,1,0,0,-1,-1
"93",1,184950000,199080001,1,0,-1,0,1,1,0,0,1,0,0,-1,-1
"94",1,199080001,212430000,1,0,-1,1,1,1,0,0,1,0,0,-1,-1
"95",1,212430000,216210000,1,0,-1,0,1,1,0,0,1,0,0,-1,-1
"96",1,216210000,216210001,1,0,-1,0,1,0,0,0,1,0,0,-1,-1
"97",1,216210001,216870000,1,0,-1,0,1,-1,0,0,1,0,0,-1,-1
"98",1,216870000,216870001,1,0,-1,0,1,0,0,0,1,0,0,-1,-1
"99",1,216870001,219840001,1,0,-1,0,1,1,0,0,1,0,0,-1,-1
"100",1,219840001,220380000,1,0,-1,0,1,1,1,0,1,0,0,-1,-1
"101",1,220380000,223440000,1,0,-1,0,1,1,0,0,1,0,0,-1,-1
"102",1,223440000,223890001,1,0,-1,0,1,0,0,0,1,0,0,-1,-1
"103",1,223890001,224580001,1,0,-1,0,1,1,0,0,1,0,0,-1,-1
"104",1,224580001,224760000,1,0,-1,0,1,1,1,0,1,0,0,-1,-1
"105",1,224760000,234480001,1,0,-1,0,1,0,1,0,1,0,0,-1,-1
"106",1,234480001,234570001,1,0,-1,0,1,0,1,1,1,0,0,-1,-1
"107",1,234570001,234630001,1,1,-1,0,1,0,1,1,1,0,0,-1,-1
"108",1,234630001,235140000,1,1,-1,0,1,1,1,1,1,0,0,-1,-1
"109",1,235140000,235200000,1,1,-1,0,1,0,1,1,1,0,0,-1,-1
"110",1,235200000,235500000,1,1,-1,0,1,0,1,0,1,0,0,-1,-1
"111",1,235500000,242580001,1,0,-1,0,1,0,1,0,1,0,0,-1,-1
"112",1,242580001,243030000,1,-1,-1,0,1,0,1,0,1,0,0,-1,-1
"113",1,243030000,249210000,1,0,-1,0,1,0,1,0,1,0,0,-1,-1
"114",2,30001,4260000,-1,0,0,0,0,-1,1,0,0,0,-1,-1,0
"115",2,4260000,4380000,-1,0,0,0,0,-1,1,0,0,0,-1,0,0
"116",2,4380000,6750000,-1,0,0,0,0,-1,1,0,0,0,0,0,0
"117",2,6750000,32070001,-1,0,0,0,0,0,1,0,0,0,0,0,0
"118",2,32070001,33210000,-1,0,0,0,0,0,1,0,0,0,0,1,0
"119",2,33210000,34410000,-1,0,0,0,0,0,1,0,0,0,0,0,0
"120",2,34410000,36750000,-1,0,0,0,0,0,0,0,0,0,0,0,0
"121",2,36750000,41160001,0,0,0,0,0,0,0,0,0,0,0,0,0
"122",2,41160001,41700000,1,0,0,0,0,0,0,0,0,0,0,0,0
"123",2,41700000,47700001,0,0,0,0,0,0,0,0,0,0,0,0,0
"124",2,47700001,53730000,-1,0,0,0,0,0,0,0,0,0,0,0,0
"125",2,53730000,53730001,0,0,0,0,0,0,0,0,0,0,0,0,0
"126",2,53730001,55410001,1,0,0,0,0,0,0,0,0,0,0,0,0
"127",2,55410001,55950000,1,0,0,0,0,0,0,0,0,0,0,1,0
"128",2,55950000,56250000,1,0,0,0,0,0,0,0,0,0,0,0,0
"129",2,56250000,56250001,0,0,0,0,0,0,0,0,0,0,0,0,0
"130",2,56250001,57000000,-1,0,0,0,0,0,0,0,0,0,0,0,0
"131",2,57000000,58230001,0,0,0,0,0,0,0,0,0,0,0,0,0
"132",2,58230001,59040001,0,0,0,0,0,0,1,0,0,0,0,0,0
"133",2,59040001,60300000,-1,0,0,0,0,0,1,0,0,0,0,0,0
"134",2,60300000,60930000,-1,0,0,0,0,0,0,0,0,0,0,0,0
"135",2,60930000,60930001,0,0,0,0,0,0,0,0,0,0,0,0,0
"136",2,60930001,62280000,1,0,0,0,0,0,0,0,0,0,0,1,0
"137",2,62280000,62520000,1,0,0,0,0,0,0,0,0,0,0,0,0
"138",2,62520000,62520001,0,0,0,0,0,0,0,0,0,0,0,0,0
"139",2,62520001,64020000,-1,0,0,0,0,0,0,0,0,0,0,0,0
"140",2,64020000,64020001,0,0,0,0,0,0,0,0,0,0,0,0,0
"141",2,64020001,65640001,1,0,0,0,0,0,0,0,0,0,0,0,0
"142",2,65640001,65850000,1,0,0,0,0,0,1,0,0,0,0,0,0
"143",2,65850000,65850001,0,0,0,0,0,0,1,0,0,0,0,0,0
"144",2,65850001,66630000,-1,0,0,0,0,0,1,0,0,0,0,0,0
"145",2,66630000,66930000,0,0,0,0,0,0,1,0,0,0,0,0,0
"146",2,66930000,68070001,0,0,0,0,0,0,0,0,0,0,0,0,0
"147",2,68070001,74160000,0,0,0,0,0,0,1,0,0,0,0,0,0
"148",2,74160000,77370001,0,0,0,0,0,0,0,0,0,0,0,0,0
"149",2,77370001,84630000,-1,0,0,0,0,0,0,0,0,0,0,0,0
"150",2,84630000,95940001,0,0,0,0,0,0,0,0,0,0,0,0,0
"151",2,95940001,98760000,0,0,0,0,0,0,1,0,0,0,0,0,0
"152",2,98760000,103470001,0,0,0,0,0,0,0,0,0,0,0,0,0
"153",2,103470001,104520000,-1,0,0,0,0,0,0,0,0,0,0,0,0
"154",2,104520000,104520001,0,0,0,0,0,0,0,0,0,0,0,0,0
"155",2,104520001,105150000,1,0,0,0,0,0,0,0,0,0,0,0,0
"156",2,105150000,105150001,0,0,0,0,0,0,0,0,0,0,0,0,0
"157",2,105150001,105870000,-1,0,0,0,0,0,0,0,0,0,0,0,0
"158",2,105870000,105870001,0,0,0,0,0,0,0,0,0,0,0,0,0
"159",2,105870001,106560000,1,0,0,0,0,0,0,0,0,0,0,0,0
"160",2,106560000,106560001,0,0,0,0,0,0,0,0,0,0,0,0,0
"161",2,106560001,108300000,-1,0,0,0,0,0,0,0,0,0,0,0,0
"162",2,108300000,110940001,0,0,0,0,0,0,0,0,0,0,0,0,0
"163",2,110940001,114750001,0,0,0,0,0,0,1,0,0,0,0,0,0
"164",2,114750001,116460000,-1,0,0,0,0,0,1,0,0,0,0,0,0
"165",2,116460000,116460001,-1,0,0,0,0,0,0,0,0,0,0,0,0
"166",2,116460001,131820001,-1,0,0,0,0,0,-1,0,0,0,0,0,0
"167",2,131820001,132510000,-1,1,0,0,0,0,-1,0,0,0,0,0,0
"168",2,132510000,136290000,-1,0,0,0,0,0,-1,0,0,0,0,0,0
"169",2,136290000,136290001,-1,0,0,0,0,0,0,0,0,0,0,0,0
"170",2,136290001,136620000,-1,0,0,0,0,0,1,0,0,0,0,0,0
"171",2,136620000,136620001,-1,0,0,0,0,0,0,0,0,0,0,0,0
"172",2,136620001,139740000,-1,0,0,0,0,0,-1,0,0,0,0,0,0
"173",2,139740000,139740001,-1,0,0,0,0,0,0,0,0,0,0,0,0
"174",2,139740001,142920000,-1,0,0,0,0,0,1,0,0,0,0,0,0
"175",2,142920000,159990001,-1,0,0,0,0,0,0,0,0,0,0,0,0
"176",2,159990001,168900000,-1,0,0,0,0,0,1,0,0,0,0,0,0
"177",2,168900000,168900001,0,0,0,0,0,0,1,0,0,0,0,0,0
"178",2,168900001,170010000,1,0,0,0,0,0,1,0,0,0,0,0,0
"179",2,170010000,173760001,1,0,0,0,0,0,0,0,0,0,0,0,0
"180",2,173760001,176100000,1,0,0,0,0,0,1,0,0,0,0,0,0
"181",2,176100000,176100001,0,0,0,0,0,0,1,0,0,0,0,0,0
"182",2,176100001,176610000,-1,0,0,0,0,0,1,0,0,0,0,0,0
"183",2,176610000,176760000,-1,0,0,0,0,0,0,0,0,0,0,0,0
"184",2,176760000,189450001,0,0,0,0,0,0,0,0,0,0,0,0,0
"185",2,189450001,192630000,0,0,0,0,0,1,0,0,0,0,0,0,0
"186",2,192630000,198990001,0,0,0,0,0,0,0,0,0,0,0,0,0
"187",2,198990001,200490000,-1,0,0,0,0,0,0,0,0,0,0,0,0
"188",2,200490000,203070001,0,0,0,0,0,0,0,0,0,0,0,0,0
"189",2,203070001,204600000,0,0,0,0,0,0,0,0,0,0,0,1,0
"190",2,204600000,205020001,0,0,0,0,0,0,0,0,0,0,0,0,0
"191",2,205020001,211440000,-1,0,0,0,0,0,0,0,0,0,0,0,0
"192",2,211440000,211440001,0,0,0,0,0,0,0,0,0,0,0,0,0
"193",2,211440001,212190001,1,0,0,0,0,0,0,0,0,0,0,0,0
"194",2,212190001,213420000,1,1,0,0,0,0,0,0,0,0,0,0,0
"195",2,213420000,214200000,1,0,0,0,0,0,0,0,0,0,0,0,0
"196",2,214200000,214200001,0,0,0,0,0,0,0,0,0,0,0,0,0
"197",2,214200001,214860000,-1,0,0,0,0,0,0,0,0,0,0,0,0
"198",2,214860000,228450001,0,0,0,0,0,0,0,0,0,0,0,0,0
"199",2,228450001,233610001,-1,0,0,0,0,0,0,0,0,0,0,0,0
"200",2,233610001,234090001,-1,0,0,0,0,0,1,0,0,0,0,0,0
"201",2,234090001,234360000,-1,0,0,-1,0,0,1,0,0,0,0,0,0
"202",2,234360000,236400000,-1,0,0,-1,0,0,0,0,0,0,0,0,0
"203",2,236400000,237120001,-1,0,0,0,0,0,0,0,0,0,0,0,0
"204",2,237120001,241140000,-1,0,0,0,0,0,1,0,0,0,0,0,0
"205",2,241140000,242700001,-1,0,0,0,0,0,0,0,0,0,0,0,0
"206",2,242700001,242850001,-1,0,0,0,0,0,0,0,0,0,0,-1,0
"207",2,242850001,243000000,-1,0,0,0,0,-1,0,0,0,0,0,-1,0
"208",3,90001,4440001,-1,0,0,0,0,0,1,0,0,0,0,0,0
"209",3,4440001,4560000,-1,1,0,0,0,0,1,0,0,0,0,0,0
"210",3,4560000,4560001,0,1,0,0,0,0,1,0,0,0,0,0,0
"211",3,4560001,4710001,1,1,0,0,0,0,1,0,0,0,0,0,0
"212",3,4710001,5100000,1,1,0,0,1,0,1,0,0,0,0,0,0
"213",3,5100000,5250000,1,1,0,0,0,0,1,0,0,0,0,0,0
"214",3,5250000,5250001,0,0,0,0,0,0,1,0,0,0,0,0,0
"215",3,5250001,8640001,-1,0,0,0,0,0,1,0,0,0,0,0,0
"216",3,8640001,8760000,-1,0,0,0,0,0,1,0,0,0,0,-1,0
"217",3,8760000,22860000,-1,0,0,0,0,0,1,0,0,0,0,0,0
"218",3,22860000,22860001,0,0,0,0,0,0,1,0,0,0,0,0,0
"219",3,22860001,25860000,1,0,0,0,0,0,1,0,0,0,0,0,0
"220",3,25860000,25860001,0,0,0,0,0,0,1,0,0,0,0,0,0
"221",3,25860001,27330000,-1,0,0,0,0,0,1,0,0,0,0,0,0
"222",3,27330000,27330001,0,0,0,0,0,0,1,0,0,0,0,0,0
"223",3,27330001,27570000,1,1,0,0,0,0,1,0,0,0,0,0,0
"224",3,27570000,27750000,1,0,0,0,0,0,1,0,0,0,0,0,0
"225",3,27750000,27780001,0,0,0,0,0,0,1,0,0,0,0,0,0
"226",3,27780001,31110000,-1,0,0,0,0,0,1,0,0,0,0,0,0
"227",3,31110000,32520001,0,0,0,0,0,0,1,0,0,0,0,0,0
"228",3,32520001,33870000,0,0,0,0,0,0,1,0,0,0,1,1,0
"229",3,33870000,35250001,0,0,0,0,0,0,1,0,0,0,0,0,0
"230",3,35250001,35850000,1,0,0,0,0,0,1,0,0,0,0,0,0
"231",3,35850000,35850001,0,0,0,0,0,0,1,0,0,0,0,0,0
"232",3,35850001,36870000,-1,0,0,0,0,0,1,0,0,0,0,0,0
"233",3,36870000,38310001,0,0,0,0,0,0,1,0,0,0,0,0,0
"234",3,38310001,39090000,-1,0,0,0,0,0,1,0,0,0,0,0,0
"235",3,39090000,46920001,0,0,0,0,0,0,1,0,0,0,0,0,0
"236",3,46920001,50400000,0,1,0,0,0,0,1,0,0,0,0,0,0
"237",3,50400000,51990001,0,0,0,0,0,0,1,0,0,0,0,0,0
"238",3,51990001,53940000,0,1,0,0,0,0,1,0,0,0,0,0,0
"239",3,53940000,56580001,0,0,0,0,0,0,1,0,0,0,0,0,0
"240",3,56580001,56640001,0,0,0,0,0,0,1,1,0,0,0,0,0
"241",3,56640001,57390001,0,1,0,0,0,0,1,1,0,0,0,0,0
"242",3,57390001,57930000,0,1,0,0,0,0,1,1,0,0,0,1,0
"243",3,57930000,58530000,0,1,0,0,0,0,1,1,0,0,0,0,0
"244",3,58530000,62550001,0,0,0,0,0,0,1,0,0,0,0,0,0
"245",3,62550001,63450001,-1,0,0,0,0,0,1,0,0,0,0,0,0
"246",3,63450001,63750000,-1,1,0,0,0,0,1,0,0,0,0,0,0
"247",3,63750000,63750001,0,1,0,0,0,0,1,0,0,0,0,0,0
"248",3,63750001,64350000,1,1,0,0,0,0,1,0,0,0,0,0,0
"249",3,64350000,64500000,1,0,0,0,0,0,1,0,0,0,0,0,0
"250",3,64500000,64500001,0,0,0,0,0,0,1,0,0,0,0,0,0
"251",3,64500001,65310000,-1,0,0,0,0,0,1,0,0,0,0,0,0
"252",3,65310000,65820001,0,0,0,0,0,0,1,0,0,0,0,0,0
"253",3,65820001,66810000,0,1,0,0,0,0,1,0,0,0,0,0,0
"254",3,66810000,66930001,0,0,0,0,0,0,1,0,0,0,0,0,0
"255",3,66930001,69030000,-1,0,0,0,0,0,1,0,0,0,0,0,0
"256",3,69030000,69030001,0,0,0,0,0,0,1,0,0,0,0,0,0
"257",3,69030001,69480000,1,0,0,0,0,0,1,0,0,0,0,0,0
"258",3,69480000,69480001,0,0,0,0,0,0,1,0,0,0,0,0,0
"259",3,69480001,70770000,-1,0,0,0,0,0,1,0,0,0,0,0,0
"260",3,70770000,70770001,0,0,0,0,0,0,1,0,0,0,0,0,0
"261",3,70770001,71010001,1,0,0,0,0,0,1,0,0,0,0,0,0
"262",3,71010001,71640000,1,1,0,0,1,0,1,0,0,0,0,0,0
"263",3,71640000,72390000,1,0,0,0,1,0,1,0,0,0,0,0,0
"264",3,72390000,73140000,1,0,0,0,0,0,1,0,0,0,0,0,0
"265",3,73140000,73170001,0,0,0,0,0,0,1,0,0,0,0,0,0
"266",3,73170001,73560000,-1,0,0,0,0,0,1,0,0,0,0,0,0
"267",3,73560000,73890001,0,0,0,0,0,0,1,0,0,0,0,0,0
"268",3,73890001,75270000,-1,0,0,0,0,0,1,0,0,0,0,0,0
"269",3,75270000,77130001,0,0,0,0,0,0,1,0,0,0,0,0,0
"270",3,77130001,78750000,1,0,0,0,0,0,1,0,0,0,0,0,0
"271",3,78750000,88260001,0,0,0,0,0,0,1,0,0,0,0,0,0
"272",3,88260001,89070000,-1,0,0,0,0,0,1,0,0,0,0,0,0
"273",3,89070000,89070001,0,0,0,0,0,0,1,0,0,0,0,0,0
"274",3,89070001,93780000,1,0,0,0,0,0,1,0,0,0,0,0,0
"275",3,93780000,93780001,0,0,0,0,0,0,1,0,0,0,0,0,0
"276",3,93780001,96480000,-1,0,0,0,0,0,1,0,0,0,0,0,0
"277",3,96480000,96510001,0,0,0,0,0,0,1,0,0,0,0,0,0
"278",3,96510001,97200000,1,0,0,0,0,0,1,0,0,0,0,0,0
"279",3,97200000,97770001,0,0,0,0,0,0,1,0,0,0,0,0,0
"280",3,97770001,99360000,-1,0,0,0,0,0,1,0,0,0,0,0,0
"281",3,99360000,99540001,0,0,0,0,0,0,1,0,0,0,0,0,0
"282",3,99540001,100140000,0,1,0,0,0,0,1,0,0,0,0,0,0
"283",3,100140000,108390001,0,0,0,0,0,0,1,0,0,0,0,0,0
"284",3,108390001,112680000,-1,0,0,0,0,0,1,0,0,0,0,0,0
"285",3,112680000,114900001,0,0,0,0,0,0,1,0,0,0,0,0,0
"286",3,114900001,115380000,-1,0,0,0,0,0,1,0,0,0,0,0,0
"287",3,115380000,116430001,-1,0,0,0,0,0,0,0,0,0,0,0,0
"288",3,116430001,116730000,-1,-1,0,0,0,0,0,0,0,0,0,0,0
"289",3,116730000,118920000,-1,0,0,0,0,0,0,0,0,0,0,0,0
"290",3,118920000,125040001,0,0,0,0,0,0,0,0,0,0,0,0,0
"291",3,125040001,125340001,0,0,0,0,0,0,1,0,0,0,0,0,0
"292",3,125340001,125370000,-1,0,0,0,0,0,1,0,0,0,0,0,0
"293",3,125370000,127260001,-1,0,0,0,0,0,0,0,0,0,0,0,0
"294",3,127260001,134310000,-1,1,0,0,0,0,0,0,0,0,0,0,0
"295",3,134310000,134310001,-1,0,0,0,0,0,0,0,0,0,0,0,0
"296",3,134310001,135390000,-1,0,0,0,0,-1,0,0,0,0,0,0,0
"297",3,135390000,135600000,0,0,0,0,0,-1,0,0,0,0,0,0,0
"298",3,135600000,135780001,0,0,0,0,0,0,0,0,0,0,0,0,0
"299",3,135780001,136680000,0,0,0,0,0,0,0,0,0,0,0,1,0
"300",3,136680000,136740001,0,0,0,0,0,0,0,0,0,0,0,0,0
"301",3,136740001,137850000,-1,0,0,0,0,0,1,0,0,0,0,0,0
"302",3,137850000,139830000,0,0,0,0,0,0,1,0,0,0,0,0,0
"303",3,139830000,140910001,0,0,0,0,0,0,0,0,0,0,0,0,0
"304",3,140910001,141210000,0,0,0,0,1,0,0,0,0,0,0,0,0
"305",3,141210000,142770001,0,0,0,0,0,0,0,0,0,0,0,0,0
"306",3,142770001,145770000,-1,0,0,0,0,0,0,0,0,0,0,0,0
"307",3,145770000,147690001,0,0,0,0,0,0,0,0,0,0,0,0,0
"308",3,147690001,148380001,1,0,0,0,0,0,0,0,0,0,0,0,0
"309",3,148380001,149670000,1,1,0,0,0,0,0,0,0,0,0,0,0
"310",3,149670000,149670001,0,1,0,0,0,0,0,0,0,0,0,0,0
"311",3,149670001,149910000,-1,1,0,0,0,0,0,0,0,0,0,0,0
"312",3,149910000,149910001,0,1,0,0,0,0,0,0,0,0,0,0,0
"313",3,149910001,150510000,1,1,0,0,0,0,0,0,0,0,0,0,0
"314",3,150510000,151920001,0,0,0,0,0,0,0,0,0,0,0,0,0
"315",3,151920001,152190000,1,0,0,0,0,0,0,0,0,0,0,0,0
"316",3,152190000,152190001,0,0,0,0,0,0,0,0,0,0,0,0,0
"317",3,152190001,153720000,-1,0,0,0,0,0,0,0,0,0,0,0,0
"318",3,153720000,153720001,0,0,0,0,0,0,0,0,0,0,0,0,0
"319",3,153720001,154080000,1,0,0,0,0,0,0,0,0,0,0,0,0
"320",3,154080000,154080001,0,0,0,0,0,0,0,0,0,0,0,0,0
"321",3,154080001,155310000,-1,0,0,0,0,0,0,0,0,0,0,0,0
"322",3,155310000,155310001,0,0,0,0,0,0,0,0,0,0,0,0,0
"323",3,155310001,155640000,1,0,0,0,0,0,0,0,0,0,0,0,0
"324",3,155640000,155820001,0,0,0,0,0,0,0,0,0,0,0,0,0
"325",3,155820001,156060001,0,0,0,0,0,0,1,0,0,0,0,0,0
"326",3,156060001,156900000,1,0,0,0,0,0,1,0,0,0,0,0,0
"327",3,156900000,156900001,0,0,0,0,0,0,1,0,0,0,0,0,0
"328",3,156900001,159930000,-1,0,0,0,0,0,1,0,0,0,0,0,0
"329",3,159930000,164940001,0,0,0,0,0,0,1,0,0,0,0,0,0
"330",3,164940001,165570000,1,0,0,0,0,0,1,0,0,0,0,0,0
"331",3,165570000,171420001,0,0,0,0,0,0,1,0,0,0,0,0,0
"332",3,171420001,171510001,0,0,0,0,0,0,1,1,0,0,0,0,0
"333",3,171510001,171720001,0,0,0,0,1,0,1,1,0,0,0,0,0
"334",3,171720001,172470000,0,1,0,0,1,0,1,1,0,0,0,0,0
"335",3,172470000,172500000,0,0,0,0,1,0,1,0,0,0,0,0,0
"336",3,172500000,174570001,0,0,0,0,0,0,1,0,0,0,0,0,0
"337",3,174570001,175500000,0,1,0,0,0,0,1,0,0,0,0,0,0
"338",3,175500000,176520001,0,0,0,0,0,0,1,0,0,0,0,0,0
"339",3,176520001,177030001,0,1,0,0,0,0,1,0,0,0,0,0,0
"340",3,177030001,177450000,0,1,0,0,1,0,1,0,0,0,0,0,0
"341",3,177450000,177600000,0,1,0,0,0,0,1,0,0,0,0,0,0
"342",3,177600000,185670001,0,0,0,0,0,0,1,0,0,0,0,0,0
"343",3,185670001,187410001,-1,0,0,0,0,0,1,0,0,0,0,0,0
"344",3,187410001,187440000,-1,0,0,0,1,0,1,0,0,0,0,0,0
"345",3,187440000,187440001,0,0,0,0,1,0,1,0,0,0,0,0,0
"346",3,187440001,188940000,0,1,0,0,1,0,1,0,0,0,0,0,0
"347",3,188940000,189060000,0,0,0,0,1,0,1,0,0,0,0,0,0
"348",3,189060000,193500001,0,0,0,0,0,0,1,0,0,0,0,0,0
"349",3,193500001,197820000,0,1,0,0,0,0,1,0,0,0,0,0,0
"350",4,90001,3420001,0,0,0,0,-1,0,1,0,0,0,0,0,0
"351",4,3420001,6630001,-1,0,0,0,-1,0,1,0,0,0,0,0,0
"352",4,6630001,7080000,-1,1,0,0,-1,0,1,0,0,0,0,0,0
"353",4,7080000,27390000,-1,0,0,0,-1,0,1,0,0,0,0,0,0
"354",4,27390000,35550001,0,0,0,0,-1,0,1,0,0,0,0,0,0
"355",4,35550001,35940000,1,0,0,0,-1,0,1,0,0,0,0,0,0
"356",4,35940000,36300001,0,0,0,0,-1,0,1,0,0,0,0,0,0
"357",4,36300001,37590000,-1,0,0,0,-1,0,1,0,0,0,0,0,0
"358",4,37590000,37590001,0,0,0,0,-1,0,1,0,0,0,0,0,0
"359",4,37590001,38490001,1,0,0,0,-1,0,1,1,0,0,0,0,0
"360",4,38490001,38640001,1,0,0,1,-1,0,1,1,0,0,0,0,0
"361",4,38640001,38940001,1,0,0,1,-1,0,1,1,0,0,0,1,0
"362",4,38940001,39450001,1,0,0,1,-1,0,1,1,1,0,0,1,0
"363",4,39450001,40740000,1,1,0,1,-1,0,1,1,1,0,0,1,0
"364",4,40740000,40830000,1,1,0,1,-1,0,1,1,0,0,0,1,0
"365",4,40830000,41220000,1,1,0,1,-1,0,1,1,0,0,0,0,0
"366",4,41220000,41670000,1,0,0,1,-1,0,1,1,0,0,0,0,0
"367",4,41670000,41700000,1,0,0,1,-1,0,1,0,0,0,0,0,0
"368",4,41700000,41700001,0,0,0,1,-1,0,1,0,0,0,0,0,0
"369",4,41700001,44160000,-1,0,0,1,-1,0,1,0,0,0,0,0,0
"370",4,44160000,47850000,-1,0,0,0,-1,0,1,0,0,0,0,0,0
"371",4,47850000,54600001,0,0,0,0,-1,0,1,0,0,0,0,0,0
"372",4,54600001,56730000,-1,0,0,0,-1,0,1,0,0,0,0,0,0
"373",4,56730000,57900001,0,0,0,0,-1,0,1,0,0,0,0,0,0
"374",4,57900001,63720000,-1,0,0,0,-1,0,1,0,0,0,0,0,0
"375",4,63720000,67260001,-1,0,0,0,-1,0,0,0,0,0,0,0,0
"376",4,67260001,69180000,-1,0,0,0,-1,0,1,0,0,0,0,0,0
"377",4,69180000,69180001,0,0,0,0,0,0,0,0,0,0,0,0,0
"378",4,69180001,69840000,-2,-2,-2,-2,-2,-2,-2,-2,-2,-2,-2,-2,-2
"379",4,69840000,69870001,0,0,0,0,0,0,0,0,0,0,0,0,0
"380",4,69870001,76560000,-1,0,0,0,0,0,1,0,0,0,0,0,0
"381",4,76560000,76560001,0,0,0,0,0,0,1,0,0,0,0,0,0
"382",4,76560001,78120000,1,0,0,0,0,0,1,0,0,0,0,0,0
"383",4,78120000,78150001,0,0,0,0,0,0,1,0,0,0,0,0,0
"384",4,78150001,78330000,-1,0,0,0,0,0,1,0,-2,0,-1,0,0
"385",4,78330000,78390000,-1,0,0,0,0,0,1,0,0,0,-1,0,0
"386",4,78390000,78510000,0,0,0,0,0,0,1,0,0,0,-1,0,0
"387",4,78510000,79890001,0,0,0,0,0,0,1,0,0,0,0,0,0
"388",4,79890001,83760000,-1,0,0,0,0,0,1,0,0,0,0,0,0
"389",4,83760000,92040000,0,0,0,0,0,0,1,0,0,0,0,0,0
"390",4,92040000,94710001,0,0,0,0,0,0,0,0,0,0,0,0,0
"391",4,94710001,95340001,0,0,0,0,0,0,1,0,0,0,0,0,0
"392",4,95340001,95640000,0,1,0,0,0,0,1,0,0,0,0,0,0
"393",4,95640000,106050001,0,0,0,0,0,0,1,0,0,0,0,0,0
"394",4,106050001,106920000,0,1,0,0,0,0,1,0,0,0,0,0,0
"395",4,106920000,119580001,0,0,0,0,0,0,1,0,0,0,0,0,0
"396",4,119580001,131880000,0,1,0,0,0,0,1,0,0,0,0,0,0
"397",4,131880000,131880001,0,1,0,0,0,0,0,0,0,0,0,0,0
"398",4,131880001,132120000,0,1,0,0,0,0,-1,0,0,0,0,0,0
"399",4,132120000,132120001,0,1,0,0,0,0,0,0,0,0,0,0,0
"400",4,132120001,135840000,0,1,0,0,0,0,1,0,0,0,0,0,0
"401",4,135840000,135840001,0,1,0,0,0,0,0,0,0,0,0,0,0
"402",4,135840001,139860001,0,1,0,0,0,0,-1,0,0,0,0,0,0
"403",4,139860001,141720000,0,1,0,0,0,0,-1,1,0,0,0,0,0
"404",4,141720000,141810000,0,0,0,0,0,0,-1,1,0,0,0,0,0
"405",4,141810000,143010001,0,0,0,0,0,0,-1,0,0,0,0,0,0
"406",4,143010001,143640000,0,1,0,0,0,0,-1,0,0,0,0,0,0
"407",4,143640000,151260001,0,0,0,0,0,0,-1,0,0,0,0,0,0
"408",4,151260001,152130000,0,0,0,0,0,0,-1,0,0,0,0,1,0
"409",4,152130000,153330000,0,0,0,0,0,0,-1,0,0,0,0,0,0
"410",4,153330000,153330001,0,0,0,0,0,0,0,0,0,0,0,0,0
"411",4,153330001,153870000,0,0,0,0,0,0,1,0,0,0,0,0,0
"412",4,153870000,153870001,0,0,0,0,0,0,0,0,0,0,0,0,0
"413",4,153870001,154620001,0,0,0,0,0,0,-1,0,0,0,0,0,0
"414",4,154620001,157440000,-1,0,0,0,0,0,-1,0,0,0,0,0,0
"415",4,157440000,159240001,0,0,0,0,0,0,-1,0,0,0,0,0,0
"416",4,159240001,159600000,-1,0,0,0,0,0,-1,0,0,0,0,0,0
"417",4,159600000,163410001,0,0,0,0,0,0,-1,0,0,0,0,0,0
"418",4,163410001,163680000,1,0,0,0,0,0,-1,0,0,0,0,0,0
"419",4,163680000,164070001,0,0,0,0,0,0,-1,0,0,0,0,0,0
"420",4,164070001,165990000,-1,0,0,0,0,0,-1,0,0,0,0,0,0
"421",4,165990000,166680001,0,0,0,0,0,0,-1,0,0,0,0,0,0
"422",4,166680001,169170000,-1,0,0,0,0,0,-1,0,0,0,0,0,0
"423",4,169170000,169170001,0,0,0,0,0,0,-1,0,0,0,0,0,0
"424",4,169170001,169410001,1,0,0,0,0,0,-1,0,0,0,0,0,0
"425",4,169410001,170250000,1,1,0,0,0,0,-1,0,0,0,0,0,0
"426",4,170250000,170700000,1,0,0,0,0,0,-1,0,0,0,0,0,0
"427",4,170700000,170700001,0,0,0,0,0,0,-1,0,0,0,0,0,0
"428",4,170700001,175560001,-1,0,0,0,0,0,-1,0,0,0,0,0,0
"429",4,175560001,176430000,-1,0,0,0,0,0,-1,0,0,0,0,0,-1
"430",4,176430000,185160000,-1,0,0,0,0,0,-1,0,0,0,0,0,0
"431",4,185160000,185160001,0,0,0,0,0,0,-1,0,0,0,0,0,0
"432",4,185160001,186030001,1,0,0,0,0,0,-1,0,0,0,0,0,0
"433",4,186030001,186750000,1,0,0,0,0,0,-1,1,0,0,0,0,0
"434",4,186750000,186900000,1,0,0,0,0,0,-1,0,0,0,0,0,0
"435",4,186900000,186900001,0,0,0,0,0,0,-1,0,0,0,0,0,0
"436",4,186900001,188070001,-1,0,0,0,0,0,-1,0,0,0,0,0,0
"437",4,188070001,189000000,-1,0,0,0,0,0,-1,1,0,0,0,0,0
"438",4,189000000,189930001,-1,0,0,0,0,0,-1,0,0,0,0,0,0
"439",4,189930001,190800000,-1,0,0,0,0,0,-1,0,0,0,0,-1,0
"440",5,60001,990000,-1,1,-1,0,0,0,1,0,0,0,0,0,0
"441",5,990000,10710001,-1,1,-1,0,0,0,0,0,0,0,0,0,0
"442",5,10710001,11100000,-1,1,-1,0,0,0,1,0,0,0,0,0,0
"443",5,11100000,14610001,-1,1,-1,0,0,0,0,0,0,0,0,0,0
"444",5,14610001,15090000,-1,1,-1,0,0,0,1,0,0,0,0,0,0
"445",5,15090000,18750000,-1,1,-1,0,0,0,0,0,0,0,0,0,0
"446",5,18750000,18750001,0,1,-1,0,0,0,0,0,0,0,0,0,0
"447",5,18750001,20310000,1,1,-1,0,0,0,0,0,0,0,0,0,0
"448",5,20310000,20310001,0,1,-1,0,0,0,0,0,0,0,0,0,0
"449",5,20310001,32070000,-1,1,-1,0,0,0,0,0,0,0,0,0,0
"450",5,32070000,32070001,0,1,-1,0,0,0,0,0,0,0,0,0,0
"451",5,32070001,32610000,1,1,-1,0,0,0,0,0,0,0,0,0,0
"452",5,32610000,32610001,0,1,-1,0,0,0,0,0,0,0,0,0,0
"453",5,32610001,33540000,-1,1,-1,0,0,0,0,0,0,0,0,0,0
"454",5,33540000,33540001,0,1,-1,0,0,0,0,0,0,0,0,0,0
"455",5,33540001,37740000,1,1,-1,0,0,0,0,0,0,0,0,0,0
"456",5,37740000,37740001,0,1,-1,0,0,0,0,0,0,0,0,0,0
"457",5,37740001,38460000,-1,1,-1,0,0,0,0,0,0,0,0,0,0
"458",5,38460000,39900001,0,1,-1,0,0,0,0,0,0,0,0,0,0
"459",5,39900001,41880000,-1,1,-1,0,0,0,0,0,0,0,0,0,0
"460",5,41880000,41880001,0,1,-1,0,0,0,0,0,0,0,0,0,0
"461",5,41880001,44850000,1,1,-1,0,0,0,0,0,0,0,0,0,0
"462",5,44850000,44850001,0,1,-1,0,0,0,0,0,0,0,0,0,0
"463",5,44850001,51750001,-1,1,-1,0,0,0,0,0,0,0,0,0,0
"464",5,51750001,54450000,-1,1,-1,0,0,0,-1,0,0,0,0,0,0
"465",5,54450000,54450001,0,1,-1,0,0,0,-1,0,0,0,0,0,0
"466",5,54450001,54480001,1,1,-1,0,0,0,-1,0,0,0,0,0,0
"467",5,54480001,56250000,1,1,-1,0,0,0,-1,1,0,0,0,0,0
"468",5,56250000,56580000,1,1,-1,0,0,0,-1,0,0,0,0,0,0
"469",5,56580000,56580001,0,1,-1,0,0,0,-1,0,0,0,0,0,0
"470",5,56580001,57120000,-1,1,-1,0,0,0,-1,0,0,0,0,0,0
"471",5,57120000,57120001,0,1,-1,0,0,0,-1,0,0,0,0,0,0
"472",5,57120001,57780000,1,1,-1,0,0,0,-1,0,0,0,0,0,0
"473",5,57780000,57780001,0,1,-1,0,0,0,-1,0,0,0,0,0,0
"474",5,57780001,58320000,-1,1,-1,0,0,0,-1,0,0,0,0,0,0
"475",5,58320000,58320001,0,1,-1,0,0,0,-1,0,0,0,0,0,0
"476",5,58320001,59130000,1,1,-1,0,0,0,-1,0,0,0,0,0,0
"477",5,59130000,59130001,0,1,-1,0,0,0,-1,0,0,0,0,0,0
"478",5,59130001,60120000,-1,1,-1,0,0,0,-1,0,0,0,0,0,0
"479",5,60120000,60450000,-1,1,-1,0,0,0,0,0,0,0,0,0,0
"480",5,60450000,60900001,0,1,-1,0,0,0,0,0,0,0,0,0,0
"481",5,60900001,60990001,-1,1,-1,0,0,0,0,0,0,0,0,0,0
"482",5,60990001,61590000,-1,1,-1,0,0,0,-1,0,0,0,0,0,0
"483",5,61590000,61590001,0,1,-1,0,0,0,-1,0,0,0,0,0,0
"484",5,61590001,61920000,1,1,-1,0,0,0,-1,0,0,0,0,0,0
"485",5,61920000,61920001,0,1,-1,0,0,0,-1,0,0,0,0,0,0
"486",5,61920001,63990000,-1,1,-1,0,0,0,-1,0,0,0,0,0,0
"487",5,63990000,64500001,0,1,-1,0,0,0,-1,0,0,0,0,0,0
"488",5,64500001,65490000,0,1,-1,0,0,0,-1,0,0,0,0,1,0
"489",5,65490000,80430000,0,1,-1,0,0,0,-1,0,0,0,0,0,0
"490",5,80430000,81150001,0,1,-1,0,0,0,0,0,0,0,0,0,0
"491",5,81150001,82290000,-1,1,-1,0,0,0,0,0,0,0,0,0,0
"492",5,82290000,82890001,0,1,-1,0,0,0,0,0,0,0,0,0,0
"493",5,82890001,84390001,-1,1,-1,0,0,0,0,0,0,0,0,0,0
"494",5,84390001,86370000,-1,1,-1,0,0,0,-1,0,0,0,0,0,0
"495",5,86370000,86370001,0,1,-1,0,0,0,-1,0,0,0,0,0,0
"496",5,86370001,86700000,1,1,-1,0,0,0,-1,0,0,0,0,0,0
"497",5,86700000,86700001,0,1,-1,0,0,0,-1,0,0,0,0,0,0
"498",5,86700001,88980000,-1,1,-1,0,0,0,-1,0,0,0,0,0,0
"499",5,88980000,91830000,0,1,-1,0,0,0,-1,0,0,0,0,0,0
"500",5,91830000,93360001,0,1,-1,0,0,0,0,0,0,0,0,0,0
"501",5,93360001,94050001,0,1,-1,0,0,0,-1,0,0,0,0,0,0
"502",5,94050001,94740000,-1,1,-1,0,0,0,-1,0,0,0,0,0,0
"503",5,94740000,94740001,0,1,-1,0,0,0,-1,0,0,0,0,0,0
"504",5,94740001,96600000,1,1,-1,0,0,0,-1,0,0,0,0,0,0
"505",5,96600000,96600001,0,1,-1,0,0,0,-1,0,0,0,0,0,0
"506",5,96600001,98010000,-1,1,-1,0,0,0,-1,0,0,0,0,0,0
"507",5,98010000,107730001,0,1,-1,0,0,0,-1,0,0,0,0,0,0
"508",5,107730001,110970000,-1,1,-1,0,0,0,-1,0,0,0,0,0,0
"509",5,110970000,113850001,0,1,-1,0,0,0,-1,0,0,0,0,0,0
"510",5,113850001,114450000,-1,1,-1,0,0,0,-1,0,0,0,0,0,0
"511",5,114450000,117270001,0,1,-1,0,0,0,-1,0,0,0,0,0,0
"512",5,117270001,117870000,1,1,-1,0,0,0,-1,0,0,0,0,0,0
"513",5,117870000,123990001,0,1,-1,0,0,0,-1,0,0,0,0,0,0
"514",5,123990001,124500000,0,1,-1,1,0,0,-1,0,0,0,0,0,0
"515",5,124500000,125160000,0,1,-1,1,0,0,0,0,0,0,0,0,0
"516",5,125160000,130440001,0,1,-1,0,0,0,0,0,0,0,0,0,0
"517",5,130440001,131370000,0,1,-1,0,0,0,0,0,0,0,1,0,0
"518",5,131370000,131490001,0,1,-1,0,0,0,0,0,0,0,0,0,0
"519",5,131490001,131850001,0,1,-1,0,0,0,1,0,0,0,0,0,0
"520",5,131850001,132450000,0,1,-1,0,0,0,1,0,0,0,1,0,0
"521",5,132450000,133290001,0,1,-1,0,0,0,1,0,0,0,0,0,0
"522",5,133290001,133530001,0,1,-1,0,0,0,1,0,0,0,1,0,0
"523",5,133530001,134040000,0,1,-1,0,0,0,1,0,1,0,1,0,0
"524",5,134040000,134310000,0,1,-1,0,0,0,0,0,1,0,1,0,0
"525",5,134310000,134310001,0,1,-1,0,0,0,0,0,0,0,1,0,0
"526",5,134310001,134370000,0,1,-1,0,0,0,0,0,-2,0,1,0,0
"527",5,134370000,135540001,0,1,-1,0,0,0,0,0,-2,0,0,0,0
"528",5,135540001,137040000,-1,1,-1,0,0,0,0,0,-2,0,0,0,0
"529",5,137040000,137040001,0,1,-1,0,0,0,0,0,-2,0,0,0,0
"530",5,137040001,137070000,1,1,-1,0,0,0,0,0,-2,0,0,0,0
"531",5,137070000,137070001,1,1,-1,0,0,0,0,0,0,0,0,0,0
"532",5,137070001,139080000,1,1,-1,0,0,0,0,0,1,0,0,0,0
"533",5,139080000,139080001,0,1,-1,0,0,0,0,0,1,0,0,0,0
"534",5,139080001,139410000,-1,1,-1,0,0,0,0,0,1,0,0,0,0
"535",5,139410000,139410001,0,1,-1,0,0,0,0,0,1,0,0,0,0
"536",5,139410001,139920000,1,1,-1,0,0,0,0,0,1,0,0,0,0
"537",5,139920000,140100000,1,1,-1,0,0,0,0,0,0,0,0,0,0
"538",5,140100000,140100001,0,1,-1,0,0,0,0,0,0,0,0,0,0
"539",5,140100001,141210000,-1,1,-1,0,0,0,0,0,0,0,0,0,0
"540",5,141210000,142020001,0,1,-1,0,0,0,0,0,0,0,0,0,0
"541",5,142020001,143070001,0,1,-1,0,0,0,1,0,0,0,0,0,0
"542",5,143070001,144810000,-1,1,-1,0,0,0,1,0,0,0,0,0,0
"543",5,144810000,145650000,0,1,-1,0,0,0,1,0,0,0,0,0,0
"544",5,145650000,145680001,0,1,-1,0,0,0,0,0,0,0,0,0,0
"545",5,145680001,146670001,-1,1,-1,0,0,0,0,0,0,0,0,0,0
"546",5,146670001,147570000,-1,1,-1,0,0,0,1,0,0,0,0,0,0
"547",5,147570000,148380001,-1,1,-1,0,0,0,0,0,0,0,0,0,0
"548",5,148380001,149460000,-1,1,-1,0,0,0,1,0,0,0,0,0,0
"549",5,149460000,158580001,-1,1,-1,0,0,0,0,0,0,0,0,0,0
"550",5,158580001,163110000,-1,1,-1,0,0,0,1,0,0,0,0,0,0
"551",5,163110000,163110001,-1,1,-1,0,0,0,0,0,0,0,0,0,0
"552",5,163110001,167910000,-1,1,-1,0,0,0,-1,0,0,0,0,0,0
"553",5,167910000,167910001,-1,1,-1,0,0,0,0,0,0,0,0,0,0
"554",5,167910001,171300000,-1,1,-1,0,0,0,1,0,0,0,0,0,0
"555",5,171300000,173100000,0,1,-1,0,0,0,1,0,0,0,0,0,0
"556",5,173100000,173100001,0,1,-1,0,0,0,0,0,0,0,0,0,0
"557",5,173100001,173430001,0,1,-1,0,0,0,-1,0,0,0,0,0,0
"558",5,173430001,180690000,-1,1,-1,0,0,0,-1,0,0,0,0,0,0
"559",6,210001,1650001,-1,0,0,-1,-2,0,-2,0,-2,-2,0,0,0
"560",6,1650001,1800000,-1,1,0,-1,-2,0,-2,0,-2,-2,0,0,0
"561",6,1800000,5670000,0,1,0,-1,-2,0,-2,0,-2,-2,0,0,0
"562",6,5670000,5700001,0,0,0,-1,-2,0,-2,0,-2,-2,0,0,0
"563",6,5700001,6480000,-1,0,0,-1,-2,0,-2,0,-2,-2,0,0,0
"564",6,6480000,17670001,0,0,0,-1,-2,0,-2,0,-2,-2,0,0,0
"565",6,17670001,18180000,0,0,0,-1,-2,1,-2,0,-2,-2,0,0,0
"566",6,18180000,18540001,0,0,0,-1,-2,0,-2,0,-2,-2,0,0,0
"567",6,18540001,20130000,-1,0,0,-1,-2,0,-2,0,-2,-2,0,0,0
"568",6,20130000,20130001,0,0,0,-1,-2,0,-2,0,-2,-2,0,0,0
"569",6,20130001,23760000,1,0,0,-1,-2,0,-2,0,-2,-2,0,0,0
"570",6,23760000,23760001,0,0,0,-1,-2,0,-2,0,-2,-2,0,0,0
"571",6,23760001,24600000,-1,0,0,-1,-2,0,-2,0,-2,-2,0,0,0
"572",6,24600000,26010001,0,0,0,-1,-2,0,-2,0,-2,-2,0,0,0
"573",6,26010001,26340000,1,0,0,-1,-2,0,-2,0,-2,-2,0,0,0
"574",6,26340000,27900001,0,0,0,-1,-2,0,-2,0,-2,-2,0,0,0
"575",6,27900001,28500000,-1,0,0,-1,-2,0,-2,0,-2,-2,0,0,0
"576",6,28500000,28500001,0,0,0,-1,-2,0,-2,0,-2,-2,0,0,0
"577",6,28500001,28680000,-2,-2,-2,-1,-2,-2,-2,-2,-2,-2,-2,-2,-2
"578",6,28680000,28680001,-2,-2,-2,0,-2,-2,-2,-2,-2,-2,-2,-2,-2
"579",6,28680001,31080000,-2,-2,-2,-2,-2,-2,-2,-2,-2,-2,-2,-2,-2
"580",6,31080000,31080001,-2,-2,-2,-2,-2,-2,0,-2,-2,-2,-2,-2,-2
"581",6,31080001,31440000,-2,-2,-2,-2,-2,-2,-1,-2,-2,-2,-2,-2,-2
"582",6,31440000,31470001,-2,-2,-2,-2,-2,-2,0,-2,-2,-2,-2,-2,-2
"583",6,31470001,33270000,-2,-2,-2,-2,-2,-2,-2,-2,-2,-2,-2,-2,-2
"584",6,33270000,33270001,0,0,-2,0,-2,-2,-2,-2,-2,-2,0,0,-2
"585",6,33270001,33300000,-1,0,-2,-1,-2,-2,-2,-2,-2,-2,-1,-1,-2
"586",6,33300000,33330001,-1,0,-2,-1,-2,0,-2,-2,-2,-2,-1,-1,-2
"587",6,33330001,33360000,-1,0,-2,-1,-2,-1,-2,-2,-2,-2,-1,-1,-2
"588",6,33360000,33360001,-1,0,-2,-1,0,-1,-2,-2,-2,-2,-1,-1,0
"589",6,33360001,33390000,-1,0,-2,-1,-1,-1,-2,-2,-2,-2,-1,-1,-1
"590",6,33390000,33390001,-1,0,0,-1,-1,-1,0,-2,-2,-2,-1,-1,-1
"591",6,33390001,33420000,-1,0,0,-1,-1,-1,1,-2,-2,-2,-1,-1,-1
"592",6,33420000,33450000,-1,0,0,-1,-1,-1,1,0,-2,-2,-1,-1,-1
"593",6,33450000,33930000,-1,0,0,0,0,0,1,0,0,0,0,-1,0
"594",6,33930000,74580000,-1,0,0,0,0,0,1,0,0,0,0,0,0
"595",6,74580000,74580001,-1,0,0,0,0,0,0,0,0,0,0,0,0
"596",6,74580001,87840000,-1,0,0,0,0,0,-1,0,0,0,0,0,0
"597",6,87840000,90990001,-1,0,0,0,0,0,0,0,0,0,0,0,0
"598",6,90990001,97560000,-1,0,0,0,0,0,-1,0,0,0,0,0,0
"599",6,97560000,97560001,-1,0,0,0,0,0,0,0,0,0,0,0,0
"600",6,97560001,97890000,-1,0,0,0,0,0,1,0,0,0,0,0,0
"601",6,97890000,97890001,-1,0,0,0,0,0,0,0,0,0,0,0,0
"602",6,97890001,108390000,-1,0,0,0,0,0,-1,0,0,0,0,0,0
"603",6,108390000,108390001,-1,0,0,0,0,0,0,0,0,0,0,0,0
"604",6,108390001,112200000,-1,0,0,0,0,0,1,0,0,0,0,0,0
"605",6,112200000,112200001,-1,0,0,0,0,0,0,0,0,0,0,0,0
"606",6,112200001,118110000,-1,0,0,0,0,0,-1,0,0,0,0,0,0
"607",6,118110000,149010001,-1,0,0,0,0,0,0,0,0,0,0,0,0
"608",6,149010001,155250000,-1,0,0,1,0,0,0,0,0,0,0,0,0
"609",6,155250000,160470001,-1,0,0,0,0,0,0,0,0,0,0,0,0
"610",6,160470001,161100000,-1,0,0,0,0,0,0,0,0,0,-1,-1,0
"611",6,161100000,170910000,-1,0,0,0,0,0,0,0,0,0,0,-1,0
"612",7,30001,69300001,1,0,-1,0,0,0,1,-1,0,0,0,-1,0
"613",7,69300001,70260000,1,1,-1,0,0,0,1,-1,0,0,0,-1,0
"614",7,70260000,111150001,1,0,-1,0,0,0,1,-1,0,0,0,-1,0
"615",7,111150001,111330000,1,0,-1,-1,0,0,1,-1,0,0,0,-1,0
"616",7,111330000,152190001,1,0,-1,0,0,0,1,-1,0,0,0,-1,0
"617",7,152190001,157230001,1,0,-1,0,0,-1,1,-1,0,0,0,-1,0
"618",7,157230001,158370000,1,-1,-1,0,0,-1,1,-1,0,0,0,-1,0
"619",7,158370000,159120000,1,0,-1,0,0,-1,1,-1,0,0,0,-1,0
"620",8,180001,690000,1,0,0,0,0,-1,-1,0,0,-2,-1,-1,0
"621",8,690000,690001,0,0,0,0,0,-1,-1,0,0,-2,-1,-1,0
"622",8,690001,1620000,-1,0,0,0,0,-1,-1,0,0,-2,-1,-1,0
"623",8,1620000,1650000,-1,0,0,0,0,-1,-1,0,0,0,0,-1,0
"624",8,1650000,1650001,0,0,0,0,0,-1,-1,0,0,0,0,-1,0
"625",8,1650001,1680001,1,0,0,0,0,-1,-1,0,0,0,0,-1,0
"626",8,1680001,2400000,1,1,0,0,0,-1,-1,0,0,0,0,-1,0
"627",8,2400000,6930000,1,1,0,0,0,-1,-1,0,0,0,0,0,0
"628",8,6930000,8100001,1,1,0,0,0,0,-1,0,0,0,0,0,0
"629",8,8100001,9000000,1,1,0,0,0,0,-1,1,0,0,0,0,0
"630",8,9000000,9720001,1,1,0,0,0,0,-1,0,0,0,0,0,0
"631",8,9720001,11640000,1,1,0,0,0,-1,-1,0,0,0,0,0,0
"632",8,11640000,12960000,1,1,0,0,0,0,-1,0,0,0,0,0,0
"633",8,12960000,12960001,1,0,0,0,0,0,-1,0,0,0,0,0,0
"634",8,12960001,19770000,1,-1,0,0,0,0,-1,0,0,0,0,0,0
"635",8,19770000,20190001,0,-1,0,0,0,0,-1,0,0,0,0,0,0
"636",8,20190001,21750000,0,-1,0,0,0,-1,-1,0,0,0,0,0,0
"637",8,21750000,21750001,0,-1,0,0,0,0,-1,0,0,0,0,0,0
"638",8,21750001,28740001,1,-1,0,0,0,0,-1,0,0,0,0,0,0
"639",8,28740001,29430000,1,-1,0,0,1,0,-1,0,0,0,0,0,0
"640",8,29430000,29430001,1,0,0,0,1,0,-1,0,0,0,0,0,0
"641",8,29430001,30030000,1,1,0,0,1,0,-1,0,0,0,0,0,0
"642",8,30030000,34170000,1,1,0,0,0,0,-1,0,0,0,0,0,0
"643",8,34170000,39240001,1,1,0,0,0,0,0,0,0,0,0,0,0
"644",8,39240001,39390000,1,1,0,0,-1,0,0,-1,0,-2,0,0,-1
"645",8,39390000,39420001,1,1,0,0,0,0,0,0,0,0,0,0,0
"646",8,39420001,54390001,1,1,0,1,0,0,0,0,0,0,0,0,0
"647",8,54390001,55770000,1,1,0,1,0,0,1,0,0,0,0,0,0
"648",8,55770000,55770001,1,1,0,1,0,0,0,0,0,0,0,0,0
"649",8,55770001,56700000,1,1,0,1,0,0,-1,0,0,0,0,0,0
"650",8,56700000,56700001,1,1,0,1,0,0,0,0,0,0,0,0,0
"651",8,56700001,57150000,1,1,0,1,0,0,1,0,0,0,0,0,0
"652",8,57150000,57150001,1,1,0,1,0,0,0,0,0,0,0,0,0
"653",8,57150001,59460000,1,1,0,1,0,0,-1,0,0,0,0,0,0
"654",8,59460000,59460001,1,1,0,1,0,0,0,0,0,0,0,0,0
"655",8,59460001,60150000,1,1,0,1,0,0,1,0,0,0,0,0,0
"656",8,60150000,60150001,1,1,0,1,0,0,0,0,0,0,0,0,0
"657",8,60150001,61740000,1,1,0,1,0,0,-1,0,0,0,0,0,0
"658",8,61740000,61740001,1,1,0,1,0,0,0,0,0,0,0,0,0
"659",8,61740001,61980000,1,1,0,1,0,0,1,0,0,0,0,0,0
"660",8,61980000,61980001,1,1,0,1,0,0,0,0,0,0,0,0,0
"661",8,61980001,66420000,1,1,0,1,0,0,-1,0,0,0,0,0,0
"662",8,66420000,66420001,1,1,0,1,0,0,0,0,0,0,0,0,0
"663",8,66420001,67290001,1,1,0,1,0,0,1,0,0,0,0,0,0
"664",8,67290001,68340000,1,1,0,1,0,0,1,0,0,1,0,0,0
"665",8,68340000,119700000,1,1,0,1,0,0,1,0,0,0,0,0,0
"666",8,119700000,125460001,1,0,0,1,0,0,1,0,0,0,0,0,0
"667",8,125460001,133830001,1,1,0,1,0,0,1,0,0,0,0,0,0
"668",8,133830001,134970000,1,1,0,1,1,0,1,0,0,0,0,0,0
"669",8,134970000,139020000,1,1,0,1,0,0,1,0,0,0,0,0,0
"670",8,139020000,140370001,0,1,0,1,0,0,1,0,0,0,0,0,0
"671",8,140370001,142410000,1,1,0,1,0,0,1,0,0,0,0,0,0
"672",8,142410000,144300001,1,0,0,1,0,0,1,0,0,0,0,0,0
"673",8,144300001,146310000,1,1,0,1,0,0,1,0,0,0,0,0,0
"674",9,750001,1980000,-1,0,0,0,0,0,0,0,0,0,0,0,0
"675",9,1980000,2850001,0,0,0,0,0,0,0,0,0,0,0,0,0
"676",9,2850001,4590000,-1,0,0,0,0,0,0,0,0,0,0,0,0
"677",9,4590000,7140001,0,0,0,0,0,0,0,0,0,0,0,0,0
"678",9,7140001,9390000,-1,0,0,0,0,0,0,0,0,0,0,0,0
"679",9,9390000,10320001,0,0,0,0,0,0,0,0,0,0,0,0,0
"680",9,10320001,12690000,-1,0,0,0,0,0,0,0,0,0,0,0,0
"681",9,12690000,12690001,0,0,0,0,0,0,0,0,0,0,0,0,0
"682",9,12690001,13290000,1,0,0,0,0,0,0,0,0,0,0,0,0
"683",9,13290000,13290001,0,0,0,0,0,0,0,0,0,0,0,0,0
"684",9,13290001,14010000,-1,0,0,0,0,0,0,0,0,0,0,0,0
"685",9,14010000,14010001,0,0,0,0,0,0,0,0,0,0,0,0,0
"686",9,14010001,14370000,1,0,0,0,0,0,0,0,0,0,0,0,0
"687",9,14370000,14370001,0,0,0,0,0,0,0,0,0,0,0,0,0
"688",9,14370001,14520001,-1,0,0,0,0,0,0,0,0,0,0,0,0
"689",9,14520001,20670000,-1,0,0,0,0,0,1,0,0,0,0,0,0
"690",9,20670000,30510000,-1,0,0,0,0,0,0,0,0,0,0,0,0
"691",9,30510000,31830001,0,0,0,0,0,0,0,0,0,0,0,0,0
"692",9,31830001,32970000,-1,0,0,0,0,0,0,0,0,0,0,0,0
"693",9,32970000,33000001,0,0,0,0,0,0,0,0,0,0,0,0,0
"694",9,33000001,34230000,0,1,0,0,0,0,1,0,0,0,0,0,0
"695",9,34230000,37440000,0,0,0,0,0,0,1,0,0,0,0,0,0
"696",9,37440000,38400001,0,0,0,0,0,0,0,0,0,0,0,0,0
"697",9,38400001,73200001,0,0,0,0,0,0,-1,0,0,0,0,0,0
"698",9,73200001,77160000,-1,0,0,0,0,0,-1,0,0,0,0,0,0
"699",9,77160000,79770000,-1,0,0,0,0,0,0,0,0,0,0,0,0
"700",9,79770000,80880001,0,0,0,0,0,0,0,0,0,0,0,0,0
"701",9,80880001,82140000,-1,0,0,0,0,0,0,0,0,0,0,0,0
"702",9,82140000,83280001,0,0,0,0,0,0,0,0,0,0,0,0,0
"703",9,83280001,88260000,0,0,0,0,0,0,1,0,0,0,0,0,0
"704",9,88260000,95010001,0,0,0,0,0,0,0,0,0,0,0,0,0
"705",9,95010001,96360000,1,0,0,0,0,0,0,0,0,0,0,0,0
"706",9,96360000,96360001,0,0,0,0,0,0,0,0,0,0,0,0,0
"707",9,96360001,104670000,-1,0,0,0,0,0,0,0,0,0,0,0,0
"708",9,104670000,105450001,0,0,0,0,0,0,0,0,0,0,0,0,0
"709",9,105450001,107460000,-1,0,0,0,0,0,0,0,0,0,0,0,0
"710",9,107460000,109560001,0,0,0,0,0,0,0,0,0,0,0,0,0
"711",9,109560001,111150001,0,0,0,0,0,0,-1,0,0,0,0,0,0
"712",9,111150001,113640001,0,0,0,1,0,0,-1,0,0,0,0,0,0
"713",9,113640001,114450001,0,0,0,1,0,0,-1,0,0,0,0,1,0
"714",9,114450001,115230000,1,0,0,1,0,0,-1,0,0,0,0,1,0
"715",9,115230000,115560000,0,0,0,1,0,0,-1,0,0,0,0,1,0
"716",9,115560000,118260000,0,0,0,1,0,0,-1,0,0,0,0,0,0
"717",9,118260000,118260001,0,0,0,0,0,0,-1,0,0,0,0,0,0
"718",9,118260001,120300000,-1,0,0,0,0,0,-1,0,0,0,0,0,0
"719",9,120300000,120990001,-1,0,0,0,0,0,0,0,0,0,0,0,0
"720",9,120990001,123210000,-1,0,0,0,0,0,-1,0,0,0,0,0,0
"721",9,123210000,123360001,0,0,0,0,0,0,-1,0,0,0,0,0,0
"722",9,123360001,124170000,0,1,0,0,0,0,-1,0,0,0,0,0,0
"723",9,124170000,124590000,0,0,0,0,0,0,-1,0,0,0,0,0,0
"724",9,124590000,124590001,0,0,0,0,0,0,0,0,0,0,0,0,0
"725",9,124590001,125070000,0,0,0,0,0,0,1,0,0,0,0,0,0
"726",9,125070000,125070001,0,0,0,0,0,0,0,0,0,0,0,0,0
"727",9,125070001,129990001,0,0,0,0,0,0,-1,0,0,0,0,0,0
"728",9,129990001,132900000,0,1,0,0,0,0,-1,0,0,0,0,0,0
"729",9,132900000,132900001,0,0,0,0,0,0,-1,0,0,0,0,0,0
"730",9,132900001,139290000,-1,0,0,0,0,0,-1,0,0,0,0,0,0
"731",9,139290000,139560001,0,0,0,0,0,0,-1,0,0,0,0,0,0
"732",9,139560001,141000000,0,1,0,0,0,0,-1,0,0,0,0,0,0
"733",10,120001,1200001,1,0,0,0,0,0,-1,0,0,0,-1,0,0
"734",10,1200001,1920000,1,0,0,0,0,-1,-1,0,0,0,-1,0,0
"735",10,1920000,2430000,1,0,0,0,0,-1,-1,0,0,0,0,0,0
"736",10,2430000,3090000,1,0,0,0,0,-1,0,0,0,0,0,0,0
"737",10,3090000,7500001,1,0,0,0,0,0,0,0,0,0,0,0,0
"738",10,7500001,10350000,1,0,0,0,0,0,1,0,0,0,0,0,0
"739",10,10350000,28590001,1,0,0,0,0,0,0,0,0,0,0,0,0
"740",10,28590001,29130000,1,0,0,0,0,0,1,0,0,0,0,0,0
"741",10,29130000,29130001,1,0,0,0,0,0,0,0,0,0,0,0,0
"742",10,29130001,29730000,1,0,0,0,0,0,-1,0,0,0,0,0,0
"743",10,29730000,29820001,1,0,0,0,0,0,0,0,0,0,0,0,0
"744",10,29820001,34020000,1,0,0,0,0,0,1,0,0,0,0,0,0
"745",10,34020000,37470001,1,0,0,0,0,0,0,0,0,0,0,0,0
"746",10,37470001,37710000,1,1,0,0,0,0,0,0,0,0,0,0,0
"747",10,37710000,38460001,1,0,0,0,0,0,0,0,0,0,0,0,0
"748",10,38460001,45120001,1,0,0,0,0,0,0,0,0,0,0,0,1
"749",10,45120001,46110000,1,0,0,0,0,0,1,0,0,0,0,0,1
"750",10,46110000,49560000,1,0,0,0,0,0,0,0,0,0,0,0,1
"751",10,49560000,49560001,1,0,0,0,0,0,0,0,0,0,0,0,0
"752",10,49560001,50520000,1,0,0,0,0,0,0,0,0,0,0,-1,-1
"753",10,50520000,50520001,1,0,0,0,0,0,0,0,0,0,0,-1,0
"754",10,50520001,50760000,1,0,0,0,0,0,0,0,0,0,0,-1,1
"755",10,50760000,50760001,1,0,0,0,0,0,0,0,0,0,0,-1,0
"756",10,50760001,57240001,1,0,0,0,0,0,0,0,0,0,0,-1,-1
"757",10,57240001,58410000,1,0,0,0,0,0,1,0,0,0,0,-1,-1
"758",10,58410000,58410001,1,0,0,0,0,0,1,0,0,0,0,0,0
"759",10,58410001,59880000,1,0,0,0,0,0,1,0,0,0,0,1,1
"760",10,59880000,59880001,1,0,0,0,0,0,1,0,0,0,0,0,0
"761",10,59880001,60960000,1,0,0,0,0,0,1,0,0,0,0,-1,-1
"762",10,60960000,61320001,1,0,0,0,0,0,0,0,0,0,0,-1,-1
"763",10,61320001,63600001,1,1,0,0,0,0,0,0,0,0,0,-1,-1
"764",10,63600001,63930000,1,1,0,0,0,0,1,0,0,0,0,-1,-1
"765",10,63930000,64230000,1,1,0,0,0,0,0,0,0,0,0,-1,-1
"766",10,64230000,64830001,1,0,0,0,0,0,0,0,0,0,0,-1,-1
"767",10,64830001,64920000,1,1,0,0,0,0,0,0,0,0,0,-1,-1
"768",10,64920000,64920001,1,1,0,0,0,0,0,0,0,0,0,0,-1
"769",10,64920001,65370000,1,1,0,0,0,0,0,0,0,0,0,1,-1
"770",10,65370000,65370001,1,1,0,0,0,0,0,0,0,0,0,0,-1
"771",10,65370001,65520000,1,1,0,0,0,0,0,0,0,0,0,-1,-1
"772",10,65520000,69450000,1,0,0,0,0,0,0,0,0,0,0,-1,-1
"773",10,69450000,69480001,1,0,0,0,0,0,0,0,0,0,0,0,-1
"774",10,69480001,70050001,1,1,0,0,0,0,0,0,0,1,1,1,-1
"775",10,70050001,70770000,1,1,0,0,0,0,0,0,1,1,1,1,-1
"776",10,70770000,70950000,1,1,0,0,0,0,0,0,1,0,1,1,-1
"777",10,70950000,70980000,1,1,0,0,0,0,0,0,1,0,0,1,-1
"778",10,70980000,70980001,1,1,0,0,0,0,0,0,0,0,0,0,-1
"779",10,70980001,71250000,1,1,0,0,0,0,0,0,0,0,0,-1,-1
"780",10,71250000,73800001,1,0,0,0,0,0,0,0,0,0,0,-1,-1
"781",10,73800001,73830001,1,0,0,0,0,0,0,0,0,0,1,-1,-1
"782",10,73830001,73890001,1,0,0,0,0,0,0,0,0,1,1,-1,-1
"783",10,73890001,73920001,1,1,0,0,0,0,0,0,0,1,1,-1,-1
"784",10,73920001,74190000,1,1,0,0,0,0,1,0,0,1,1,-1,-1
"785",10,74190000,74220001,1,1,0,0,0,0,1,0,0,1,1,0,-1
"786",10,74220001,76320000,1,1,0,0,0,0,1,0,1,1,1,1,-1
"787",10,76320000,76350001,1,1,0,0,0,0,1,0,1,1,1,1,0
"788",10,76350001,76620000,1,1,0,0,0,0,1,0,1,1,1,1,1
"789",10,76620000,76740000,1,1,0,0,0,0,1,0,1,1,0,1,1
"790",10,76740000,76770000,1,1,0,0,0,0,1,0,1,0,0,1,1
"791",10,76770000,77010000,1,1,0,0,0,0,1,0,0,0,0,1,1
"792",10,77010000,77010001,1,0,0,0,0,0,1,0,0,0,0,1,0
"793",10,77010001,77040000,1,0,0,0,0,0,1,0,0,0,0,1,-1
"794",10,77040000,77040001,1,0,0,0,0,0,1,0,0,0,0,0,-1
"795",10,77040001,78360000,1,0,0,0,0,0,1,0,0,0,0,-1,-1
"796",10,78360000,80700001,1,0,0,0,0,0,0,0,0,0,0,-1,-1
"797",10,80700001,81060000,1,1,0,0,0,0,0,0,0,0,0,-1,-1
"798",10,81060000,86760001,1,0,0,0,0,0,0,0,0,0,0,-1,-1
"799",10,86760001,89490000,1,0,0,0,0,0,1,0,0,0,0,-1,-1
"800",10,89490000,96180001,1,0,0,0,0,0,0,0,0,0,0,-1,-1
"801",10,96180001,96360000,1,0,0,0,0,0,0,0,0,0,1,-1,-1
"802",10,96360000,96750001,1,0,0,0,0,0,0,0,0,0,0,-1,-1
"803",10,96750001,97620000,1,0,0,0,0,0,1,0,0,0,0,-1,-1
"804",10,97620000,102630001,1,0,0,0,0,0,0,0,0,0,0,-1,-1
"805",10,102630001,104970001,1,1,0,0,0,0,0,0,0,0,0,-1,-1
"806",10,104970001,105450000,1,1,0,0,0,0,1,0,0,0,0,-1,-1
"807",10,105450000,106080000,1,1,0,0,0,0,0,0,0,0,0,-1,-1
"808",10,106080000,106740001,1,0,0,0,0,0,0,0,0,0,0,-1,-1
"809",10,106740001,107850000,1,0,0,0,0,0,1,0,0,0,0,-1,-1
"810",10,107850000,107850001,1,0,0,0,0,0,0,0,0,0,0,-1,-1
"811",10,107850001,108300000,1,0,0,0,0,0,-1,0,0,0,0,-1,-1
"812",10,108300000,108300001,1,0,0,0,0,0,0,0,0,0,0,-1,-1
"813",10,108300001,111600001,1,0,0,0,0,0,1,0,0,0,0,-1,-1
"814",10,111600001,111930001,1,0,0,0,0,1,1,0,0,0,0,-1,-1
"815",10,111930001,112380000,1,1,0,0,0,1,1,0,0,0,0,-1,-1
"816",10,112380000,112830000,1,1,0,0,0,1,0,0,0,0,0,-1,-1
"817",10,112830000,112890000,1,1,0,0,0,0,0,0,0,0,0,-1,-1
"818",10,112890000,115590001,1,0,0,0,0,0,0,0,0,0,0,-1,-1
"819",10,115590001,116550000,1,0,0,0,0,0,1,0,0,0,0,-1,-1
"820",10,116550000,117240001,1,0,0,0,0,0,0,0,0,0,0,-1,-1
"821",10,117240001,117360001,1,1,0,0,0,0,0,0,0,0,0,-1,-1
"822",10,117360001,117510000,1,1,0,0,0,0,1,0,0,0,0,-1,-1
"823",10,117510000,118050000,1,1,0,0,0,0,0,0,0,0,0,-1,-1
"824",10,118050000,118980001,1,0,0,0,0,0,0,0,0,0,0,-1,-1
"825",10,118980001,123240000,1,0,0,0,0,0,1,0,0,0,0,-1,-1
"826",10,123240000,123240001,1,0,0,0,0,0,1,0,0,0,0,0,0
"827",10,123240001,123780000,1,0,0,0,0,0,1,0,0,0,0,1,1
"828",10,123780000,123780001,1,0,0,0,0,0,1,0,0,0,0,0,0
"829",10,123780001,130350000,1,0,0,0,0,0,1,0,0,0,0,-1,-1
"830",10,130350000,131940000,1,0,0,0,0,0,0,0,0,0,0,-1,-1
"831",10,131940000,131940001,1,0,0,0,0,0,0,0,0,0,0,-1,0
"832",10,131940001,132030000,1,0,0,0,0,0,0,0,0,0,0,-1,1
"833",10,132030000,132060001,0,0,0,0,0,0,0,0,0,0,0,-1,1
"834",10,132060001,132270000,0,-1,0,0,0,0,0,0,0,0,0,-1,1
"835",10,132270000,133680000,0,-1,0,0,0,0,0,0,0,0,0,-1,0
"836",10,133680000,133710001,0,0,0,0,0,0,0,0,0,0,0,-1,0
"837",10,133710001,134730001,1,0,0,0,0,0,0,0,0,0,0,-1,0
"838",10,134730001,134910001,1,-1,0,0,0,0,0,0,0,0,0,-1,0
"839",10,134910001,135420000,1,-1,0,0,0,0,1,0,0,0,0,-1,0
"840",11,210001,1020000,-1,1,0,0,0,0,0,0,0,0,0,0,0
"841",11,1020000,2580001,-1,0,0,0,0,0,0,0,0,0,0,0,0
"842",11,2580001,3900000,-1,0,0,0,0,0,1,0,0,0,0,0,0
"843",11,3900000,3900001,-1,0,0,0,0,0,0,0,0,0,0,0,0
"844",11,3900001,8700000,-1,0,0,0,0,0,-1,0,0,0,0,0,0
"845",11,8700000,8700001,0,0,0,0,0,0,-1,0,0,0,0,0,0
"846",11,8700001,9090001,1,0,0,0,0,0,-1,0,0,0,0,0,0
"847",11,9090001,9120001,1,1,0,0,0,0,-1,0,0,0,0,0,0
"848",11,9120001,9180001,1,1,0,0,0,0,-1,0,0,0,0,1,0
"849",11,9180001,10110000,1,1,0,0,0,0,-1,0,0,1,0,1,0
"850",11,10110000,10230000,1,0,0,0,0,0,-1,0,0,1,0,1,0
"851",11,10230000,10350000,1,0,0,0,0,0,-1,0,0,0,0,1,0
"852",11,10350000,10950000,1,0,0,0,0,0,-1,0,0,0,0,0,0
"853",11,10950000,10950001,0,0,0,0,0,0,-1,0,0,0,0,0,0
"854",11,10950001,16440000,-1,0,0,0,0,0,-1,0,0,0,0,0,0
"855",11,16440000,16440001,-1,0,0,0,0,0,0,0,0,0,0,0,0
"856",11,16440001,16740001,-1,0,0,0,0,0,1,0,0,0,0,0,0
"857",11,16740001,17520000,-1,0,0,0,0,0,1,1,0,0,0,0,0
"858",11,17520000,18450000,-1,0,0,0,0,0,1,0,0,0,0,0,0
"859",11,18450000,19860001,-1,0,0,0,0,0,0,0,0,0,0,0,0
"860",11,19860001,22590000,-1,0,0,0,0,0,-1,0,0,0,0,0,0
"861",11,22590000,22590001,0,0,0,0,0,0,0,0,0,0,0,0,0
"862",11,22590001,22980000,0,0,0,0,0,0,1,0,0,0,0,0,0
"863",11,22980000,26160001,0,0,0,0,0,0,0,0,0,0,0,0,0
"864",11,26160001,28020000,-1,0,0,0,0,0,0,0,0,0,0,0,0
"865",11,28020000,28560001,0,0,0,0,0,0,0,0,0,0,0,0,0
"866",11,28560001,31230000,-1,0,0,0,0,0,0,0,0,0,0,0,0
"867",11,31230000,31860001,0,0,0,0,0,0,0,0,0,0,0,0,0
"868",11,31860001,32190001,-1,0,0,0,0,0,0,0,0,0,0,0,0
"869",11,32190001,33450000,-1,0,0,0,0,0,0,0,0,0,0,1,0
"870",11,33450000,34050000,-1,0,0,0,0,0,0,0,0,0,0,0,0
"871",11,34050000,34050001,0,0,0,0,0,0,0,0,0,0,0,0,0
"872",11,34050001,34410001,1,0,0,0,0,0,0,0,0,0,0,0,0
"873",11,34410001,34740000,1,0,0,0,0,0,1,0,0,0,0,0,0
"874",11,34740000,36090000,1,0,0,0,0,0,0,0,0,0,0,0,0
"875",11,36090000,36090001,0,0,0,0,0,0,0,0,0,0,0,0,0
"876",11,36090001,41670000,-1,0,0,0,0,0,0,0,0,0,0,0,0
"877",11,41670000,41670001,0,0,0,0,0,0,0,0,0,0,0,0,0
"878",11,41670001,42240000,1,0,0,0,0,0,0,0,0,0,0,0,0
"879",11,42240000,42240001,0,0,0,0,0,0,0,0,0,0,0,0,0
"880",11,42240001,44700001,-1,0,0,0,0,0,0,0,0,0,0,0,0
"881",11,44700001,45870000,-1,0,0,0,0,0,1,0,0,0,0,0,0
"882",11,45870000,46440001,0,0,0,0,0,0,1,0,0,0,0,0,0
"883",11,46440001,48150001,0,0,0,0,0,0,1,0,0,1,0,0,0
"884",11,48150001,48570000,-1,0,0,0,0,0,1,0,0,1,0,0,0
"885",11,48570000,50220000,-1,0,0,0,0,0,0,0,0,1,0,0,0
"886",11,50220000,55080001,-1,0,0,0,0,0,0,0,0,0,0,0,0
"887",11,55080001,59310000,-1,0,0,0,0,0,0,0,0,-1,0,0,0
"888",11,59310000,59310001,0,0,0,0,0,0,0,0,0,-1,0,0,0
"889",11,59310001,65100001,1,0,0,0,0,0,0,0,0,-1,0,0,0
"890",11,65100001,65430000,1,0,0,0,1,0,0,0,0,-1,0,0,0
"891",11,65430000,68940000,1,0,0,0,0,0,0,0,0,-1,0,0,0
"892",11,68940000,68940001,1,0,0,0,0,0,0,0,0,0,0,0,0
"893",11,68940001,71040000,1,0,0,0,0,0,0,0,0,1,0,0,0
"894",11,71040000,73410001,1,0,0,0,0,0,0,0,0,0,0,0,0
"895",11,73410001,75300000,1,0,0,0,0,0,0,0,0,1,0,0,0
"896",11,75300000,75300001,1,0,0,0,0,0,0,0,0,0,0,0,0
"897",11,75300001,76830000,1,0,0,0,0,0,0,0,0,-2,0,0,0
"898",11,76830000,76830001,1,0,0,0,0,0,0,0,0,0,0,0,0
"899",11,76830001,76920001,1,0,0,0,0,0,1,0,0,1,0,0,0
"900",11,76920001,77280001,1,0,0,1,0,0,1,0,0,1,0,0,0
"901",11,77280001,78000000,1,1,0,1,0,0,1,0,0,1,0,0,0
"902",11,78000000,78330000,1,1,0,1,0,0,0,0,0,1,0,0,0
"903",11,78330000,78330001,0,0,0,1,0,0,0,0,0,1,0,0,0
"904",11,78330001,78900000,-1,0,0,1,0,0,0,0,0,1,0,0,0
"905",11,78900000,78900001,-1,0,0,1,0,0,0,0,0,0,0,0,0
"906",11,78900001,79170000,-1,0,0,1,0,0,0,0,0,-1,0,0,0
"907",11,79170000,79170001,-1,0,0,0,0,0,0,0,0,-1,0,0,0
"908",11,79170001,79890000,-1,0,0,-1,0,0,0,0,0,-1,0,0,0
"909",11,79890000,79890001,0,0,0,-1,0,0,0,0,0,-1,0,0,0
"910",11,79890001,80610001,1,0,0,-1,0,0,0,0,0,-1,0,0,0
"911",11,80610001,81090000,1,0,0,-1,0,0,0,0,0,-1,0,0,-1
"912",11,81090000,81840001,1,0,0,-1,0,0,0,0,0,-1,0,0,0
"913",11,81840001,81930001,1,0,0,-1,0,0,0,0,0,-1,0,0,-1
"914",11,81930001,85050000,1,0,0,-1,0,0,0,0,0,-1,-1,0,-1
"915",11,85050000,85590001,1,0,0,-1,0,0,0,0,0,-1,-1,0,0
"916",11,85590001,86220000,1,0,0,-1,0,0,0,0,0,-1,-1,1,0
"917",11,86220000,86250001,1,0,0,-1,0,0,0,0,0,-1,-1,0,0
"918",11,86250001,86460001,1,0,0,-1,0,0,0,0,0,-1,-1,-1,0
"919",11,86460001,88170000,1,0,0,-1,0,0,0,0,0,-1,-1,-1,-1
"920",11,88170000,89250000,0,0,0,-1,0,0,0,0,0,-1,-1,-1,-1
"921",11,89250000,90360001,0,0,0,-1,0,0,0,0,0,-1,-1,-1,0
"922",11,90360001,91260000,0,0,0,-1,0,0,0,0,0,-1,-1,-1,-1
"923",11,91260000,93090001,0,0,0,-1,0,0,0,0,0,-1,-1,-1,0
"924",11,93090001,93210001,1,0,0,-1,0,0,0,0,0,-1,-1,-1,0
"925",11,93210001,96300000,1,0,0,-1,0,0,0,0,0,-1,-1,-1,-1
"926",11,96300000,99000001,0,0,0,-1,0,0,0,0,0,-1,-1,-1,-1
"927",11,99000001,118110001,1,0,0,-1,0,0,0,0,0,-1,-1,-1,-1
"928",11,118110001,119010000,1,1,0,-1,0,0,0,0,0,-1,-1,-1,-1
"929",11,119010000,119280000,1,0,0,-1,0,0,0,0,0,-1,-1,-1,-1
"930",11,119280000,120090001,0,0,0,-1,0,0,0,0,0,-1,-1,-1,-1
"931",11,120090001,121500000,1,0,0,-1,0,0,0,0,0,-1,-1,-1,-1
"932",11,121500000,125730001,0,0,0,-1,0,0,0,0,0,-1,-1,-1,-1
"933",11,125730001,126300000,1,0,0,-1,0,0,0,0,0,-1,-1,-1,-1
"934",11,126300000,126300001,0,0,0,-1,0,0,0,0,0,-1,-1,-1,-1
"935",11,126300001,128730000,-1,0,0,-1,0,0,0,0,0,-1,-1,-1,-1
"936",11,128730000,128730001,0,0,0,-1,0,0,0,0,0,-1,-1,-1,-1
"937",11,128730001,128820001,1,0,0,-1,0,0,0,0,0,-1,-1,-1,-1
"938",11,128820001,130800000,1,1,0,-1,0,0,0,0,0,-1,-1,-1,-1
"939",11,130800000,130800001,0,1,0,-1,0,0,0,0,0,-1,-1,-1,-1
"940",11,130800001,130950000,-1,1,0,-1,0,0,0,0,0,-1,-1,-1,-1
"941",11,130950000,132480001,-1,0,0,-1,0,0,0,0,0,-1,-1,-1,-1
"942",11,132480001,132780000,-1,0,0,-1,0,0,1,0,0,-1,-1,-1,-1
"943",11,132780000,133770000,-1,0,0,-1,0,0,0,0,0,-1,-1,-1,-1
"944",11,133770000,133770001,0,0,0,-1,0,0,0,0,0,-1,-1,-1,-1
"945",11,133770001,134250000,1,0,0,-1,0,0,0,0,0,-1,-1,-1,-1
"946",11,134250000,134250001,0,0,0,-1,0,0,0,0,0,-1,-1,-1,-1
"947",11,134250001,134940000,-1,0,0,-1,0,0,0,0,0,-1,-1,-1,-1
"948",12,180001,390000,1,0,0,0,0,0,1,0,0,0,0,-1,0
"949",12,390000,390001,1,0,0,0,0,0,1,0,0,0,0,0,0
"950",12,390001,2190000,1,1,0,0,0,0,1,0,0,0,0,0,0
"951",12,2190000,3270001,1,0,0,0,0,0,1,0,0,0,0,0,0
"952",12,3270001,6150000,1,0,0,0,0,-1,1,0,0,0,0,0,0
"953",12,6150000,6210001,1,0,0,0,0,0,1,0,0,0,0,0,0
"954",12,6210001,6300001,1,0,0,0,1,0,1,0,0,0,0,0,0
"955",12,6300001,7080000,1,1,0,0,1,0,1,0,0,0,0,0,0
"956",12,7080000,7140000,1,1,0,0,0,0,1,0,0,0,0,0,0
"957",12,7140000,11790001,1,0,0,0,0,0,1,0,0,0,0,0,0
"958",12,11790001,12000000,1,1,0,0,0,0,1,0,0,0,0,0,0
"959",12,12000000,12510001,1,0,0,0,0,0,1,0,0,0,0,0,0
"960",12,12510001,13380000,1,1,0,0,0,0,1,0,0,0,0,0,0
"961",12,13380000,14340001,1,0,0,0,0,0,1,0,0,0,0,0,0
"962",12,14340001,15450000,1,1,0,0,0,0,1,0,0,0,0,0,0
"963",12,15450000,29040001,1,0,0,0,0,0,1,0,0,0,0,0,0
"964",12,29040001,31410000,1,0,0,0,0,0,1,0,0,0,0,-1,0
"965",12,31410000,31410001,1,0,0,0,0,0,1,0,0,0,0,0,0
"966",12,31410001,31530001,1,0,0,0,0,0,1,0,0,0,0,1,0
"967",12,31530001,32160000,1,1,0,0,0,0,1,0,0,0,0,1,0
"968",12,32160000,33060000,1,0,0,0,0,0,1,0,0,0,0,1,0
"969",12,33060000,50460001,1,0,0,0,0,0,1,0,0,0,0,0,0
"970",12,50460001,50520001,1,1,0,0,0,0,1,0,0,0,0,0,0
"971",12,50520001,51570000,1,1,0,0,0,0,1,0,0,0,0,1,0
"972",12,51570000,51720000,1,0,0,0,0,0,1,0,0,0,0,1,0
"973",12,51720000,52260001,1,0,0,0,0,0,1,0,0,0,0,0,0
"974",12,52260001,52470001,1,1,0,0,0,0,1,0,0,0,0,0,0
"975",12,52470001,52680000,1,1,0,0,0,0,1,0,0,0,0,-1,0
"976",12,52680000,53220000,1,0,0,0,0,0,1,0,0,0,0,-1,0
"977",12,53220000,53250001,1,0,0,0,0,0,1,0,0,0,0,0,0
"978",12,53250001,54840000,1,1,0,0,1,0,1,0,0,0,0,0,0
"979",12,54840000,56100001,1,0,0,0,0,0,1,0,0,0,0,0,0
"980",12,56100001,58350000,1,1,0,0,1,0,1,0,0,0,0,0,0
"981",12,58350000,58380000,1,1,0,0,0,0,1,0,0,0,0,0,0
"982",12,58380000,61530001,1,0,0,0,0,0,1,0,0,0,0,0,0
"983",12,61530001,62340000,1,0,0,0,0,-1,1,0,0,0,0,0,0
"984",12,62340000,62340001,1,0,0,0,0,0,1,0,0,0,0,0,0
"985",12,62340001,74190000,1,0,0,0,0,1,1,0,0,0,0,0,0
"986",12,74190000,74190001,1,0,0,0,0,0,1,0,0,0,0,0,0
"987",12,74190001,100230000,1,0,0,0,0,-1,1,0,0,0,0,0,0
"988",12,100230000,103170001,1,0,0,0,0,0,1,0,0,0,0,0,0
"989",12,103170001,111900001,1,0,0,0,0,-1,1,0,0,0,0,0,0
"990",12,111900001,112860000,1,1,0,0,0,-1,1,0,0,0,0,0,0
"991",12,112860000,114930001,1,0,0,0,0,-1,1,0,0,0,0,0,0
"992",12,114930001,117630000,1,1,0,0,0,-1,1,0,0,0,0,0,0
"993",12,117630000,118470001,1,0,0,0,0,-1,1,0,0,0,0,0,0
"994",12,118470001,118830000,1,1,0,0,0,-1,1,0,0,0,0,0,0
"995",12,118830000,120330001,1,0,0,0,0,-1,1,0,0,0,0,0,0
"996",12,120330001,125550000,1,1,0,0,0,-1,1,0,0,0,0,0,0
"997",12,125550000,131490001,0,0,0,0,0,-1,1,0,0,0,0,0,0
"998",12,131490001,131520001,0,0,0,0,0,-1,1,0,0,0,-1,0,0
"999",12,131520001,132180000,0,0,0,0,0,-1,1,0,0,0,-1,-1,0
"1000",12,132180000,132180001,0,0,0,0,0,-1,1,0,0,0,0,0,0
"1001",12,132180001,133830000,1,0,0,0,0,-1,1,0,0,0,0,0,0
"1002",13,19530001,20820000,-1,-1,-1,-1,0,0,-1,0,0,0,0,0,0
"1003",13,20820000,21180001,-1,-1,-1,-1,0,0,0,0,0,0,0,0,0
"1004",13,21180001,27840000,-1,-1,-1,-1,0,0,-1,0,0,0,0,0,0
"1005",13,27840000,28230001,-1,-1,-1,-1,0,0,0,0,0,0,0,0,0
"1006",13,28230001,30330000,-1,-1,-1,-1,0,0,-1,0,0,0,0,0,0
"1007",13,30330000,30330001,0,-1,-1,-1,0,0,-1,0,0,0,0,0,0
"1008",13,30330001,36930000,1,-1,-1,-1,0,0,-1,0,0,0,0,0,0
"1009",13,36930000,36930001,0,-1,-1,-1,0,0,-1,0,0,0,0,0,0
"1010",13,36930001,41280000,-1,-1,-1,-1,0,0,-1,0,0,0,0,0,0
"1011",13,41280000,41280001,0,-1,-1,-1,0,0,-1,0,0,0,0,0,0
"1012",13,41280001,42900000,1,-1,-1,-1,0,0,-1,0,0,0,0,0,0
"1013",13,42900000,42900001,0,-1,-1,-1,0,0,-1,0,0,0,0,0,0
"1014",13,42900001,43530000,-1,-1,-1,-1,0,0,-1,0,0,0,0,0,0
"1015",13,43530000,43530001,0,-1,-1,-1,0,0,-1,0,0,0,0,0,0
"1016",13,43530001,45240000,1,-1,-1,-1,0,0,-1,0,0,0,0,0,0
"1017",13,45240000,45840001,1,-1,-1,-1,0,0,0,0,0,0,0,0,0
"1018",13,45840001,46110000,1,-1,-1,-1,0,0,-1,0,0,0,0,0,0
"1019",13,46110000,46110001,0,-1,-1,-1,0,0,-1,0,0,0,0,0,0
"1020",13,46110001,46530000,-1,-1,-1,-1,0,0,-1,0,0,0,0,0,0
"1021",13,46530000,46530001,0,-1,-1,-1,0,0,-1,0,0,0,0,0,0
"1022",13,46530001,47400000,1,-1,-1,-1,0,0,-1,0,0,0,0,0,0
"1023",13,47400000,47400001,0,-1,-1,-1,0,0,-1,0,0,0,0,0,0
"1024",13,47400001,48510000,-1,-1,-1,-1,0,0,-1,0,0,0,0,0,0
"1025",13,48510000,49170001,0,-1,-1,-1,0,0,-1,0,0,0,0,0,0
"1026",13,49170001,49530000,-1,-1,-1,-1,0,0,-1,0,0,0,0,0,0
"1027",13,49530000,49530001,0,-1,-1,-1,0,0,-1,0,0,0,0,0,0
"1028",13,49530001,53280000,1,-1,-1,-1,0,0,-1,0,0,0,0,0,0
"1029",13,53280000,53280001,0,-1,-1,-1,0,0,-1,0,0,0,0,0,0
"1030",13,53280001,58560000,-1,-1,-1,-1,0,0,-1,0,0,0,0,0,0
"1031",13,58560000,61260001,-1,-1,-1,-1,0,0,0,0,0,0,0,0,0
"1032",13,61260001,65430000,-1,-1,-1,-1,0,0,-1,0,0,0,0,0,0
"1033",13,65430000,65430001,0,-1,-1,-1,0,0,-1,0,0,0,0,0,0
"1034",13,65430001,66330000,1,-1,-1,-1,0,0,-1,0,0,0,0,0,0
"1035",13,66330000,66330001,0,-1,-1,-1,0,0,-1,0,0,0,0,0,0
"1036",13,66330001,68400000,-1,-1,-1,-1,0,0,-1,0,0,0,0,0,0
"1037",13,68400000,72030000,0,-1,-1,-1,0,0,-1,0,0,0,0,0,0
"1038",13,72030000,72030001,0,-1,-1,-1,0,0,0,0,0,0,0,0,0
"1039",13,72030001,72510001,1,-1,-1,-1,0,0,0,0,0,0,0,0,0
"1040",13,72510001,73770000,1,-1,-1,-1,0,0,-1,0,0,0,0,0,0
"1041",13,73770000,73770001,0,-1,-1,-1,0,0,-1,0,0,0,0,0,0
"1042",13,73770001,74250000,-1,-1,-1,-1,0,0,-1,0,0,0,0,0,0
"1043",13,74250000,74280001,0,-1,-1,-1,0,0,-1,0,0,0,0,0,0
"1044",13,74280001,74790000,1,-1,-1,-1,0,0,-1,0,0,0,0,0,0
"1045",13,74790000,74790001,0,-1,-1,-1,0,0,-1,0,0,0,0,0,0
"1046",13,74790001,75660000,-1,-1,-1,-1,0,0,-1,0,0,0,0,0,0
"1047",13,75660000,76680001,0,-1,-1,-1,0,0,-1,0,0,0,0,0,0
"1048",13,76680001,77550000,-1,-1,-1,-1,0,0,-1,0,0,0,0,0,0
"1049",13,77550000,77550001,0,-1,-1,-1,0,0,-1,0,0,0,0,0,0
"1050",13,77550001,78060000,1,-1,-1,-1,0,0,-1,0,0,0,0,0,0
"1051",13,78060000,78060001,0,-1,-1,-1,0,0,-1,0,0,0,0,0,0
"1052",13,78060001,79530000,-1,-1,-1,-1,0,0,-1,0,0,0,0,0,0
"1053",13,79530000,80130001,0,-1,-1,-1,0,0,-1,0,0,0,0,0,0
"1054",13,80130001,80820000,-1,-1,-1,-1,0,0,-1,0,0,0,0,0,0
"1055",13,80820000,81630000,-1,-1,-1,-1,0,0,0,0,0,0,0,0,0
"1056",13,81630000,82500001,0,-1,-1,-1,0,0,0,0,0,0,0,0,0
"1057",13,82500001,83910001,1,-1,-1,-1,0,0,0,0,0,0,0,0,0
"1058",13,83910001,84630000,1,-1,-1,-1,0,0,-1,0,0,0,0,0,0
"1059",13,84630000,86040001,0,-1,-1,-1,0,0,-1,0,0,0,0,0,0
"1060",13,86040001,92040000,1,-1,-1,-1,0,0,-1,0,0,0,0,0,0
"1061",13,92040000,93540001,0,-1,-1,-1,0,0,-1,0,0,0,0,0,0
"1062",13,93540001,94170000,1,-1,-1,-1,0,0,-1,0,0,0,0,0,0
"1063",13,94170000,95280000,1,-1,-1,-1,0,0,0,0,0,0,0,0,0
"1064",13,95280000,95310001,0,-1,-1,-1,0,0,0,0,0,0,0,0,0
"1065",13,95310001,95670001,-1,-1,-1,-1,0,0,0,0,0,0,0,0,0
"1066",13,95670001,95970000,-1,-1,-1,-1,0,0,1,0,0,0,0,0,0
"1067",13,95970000,96150000,-1,-1,-1,-1,0,0,0,0,0,0,0,0,0
"1068",13,96150000,96150001,0,-1,-1,-1,0,0,0,0,0,0,0,0,0
"1069",13,96150001,98160000,1,-1,-1,-1,0,0,0,0,0,0,0,0,0
"1070",13,98160000,98610001,0,-1,-1,-1,0,0,0,0,0,0,0,0,0
"1071",13,98610001,99210001,1,-1,-1,-1,0,0,0,0,0,0,0,0,0
"1072",13,99210001,109830001,1,-1,-1,-1,0,0,-1,0,0,0,0,0,0
"1073",13,109830001,110130001,1,-1,-1,-1,0,0,-1,0,0,0,0,-1,0
"1074",13,110130001,111960000,1,-1,-1,-1,0,0,-1,0,0,0,-1,-1,0
"1075",13,111960000,111960001,0,-1,-1,-1,0,0,-1,0,0,0,-1,-1,0
"1076",13,111960001,113130000,-1,-1,-1,-1,0,-1,-1,0,0,0,-1,-1,0
"1077",13,113130000,113130001,0,-1,-1,-1,0,0,-1,0,0,0,-1,-1,0
"1078",13,113130001,115110000,1,-1,-1,-1,0,0,-1,0,0,0,-1,-1,0
"1079",14,20190001,20280000,1,1,0,0,0,0,-1,0,-2,0,0,0,1
"1080",14,20280000,21150000,1,1,0,0,0,0,-1,0,-2,0,0,0,0
"1081",14,21150000,21150001,1,1,0,0,0,0,0,0,-2,0,0,0,0
"1082",14,21150001,21570000,1,1,0,0,0,0,1,0,-2,0,0,0,0
"1083",14,21570000,21570001,1,1,0,0,0,0,0,0,-2,0,0,0,0
"1084",14,21570001,21660001,1,1,0,0,0,0,-1,0,-2,0,0,0,0
"1085",14,21660001,21690000,1,1,0,0,0,0,-1,0,-2,1,0,0,0
"1086",14,21690000,21690001,1,1,0,0,0,0,-1,0,0,1,0,0,0
"1087",14,21690001,22140000,1,1,0,0,0,0,-1,0,1,1,0,0,0
"1088",14,22140000,22140001,1,1,0,0,0,0,-1,0,0,1,0,0,0
"1089",14,22140001,22170000,1,1,0,0,0,0,-1,0,-2,1,0,0,0
"1090",14,22170000,23010000,1,1,0,0,0,0,-1,0,-2,0,0,0,0
"1091",14,23010000,31350001,1,1,0,0,0,0,-1,0,0,0,0,0,0
"1092",14,31350001,32100000,1,1,0,0,0,0,-1,0,0,0,1,1,0
"1093",14,32100000,32160000,1,1,0,0,0,0,-1,0,0,0,0,1,0
"1094",14,32160000,33480000,1,1,0,0,0,0,-1,0,0,0,0,0,0
"1095",14,33480000,33480001,1,1,0,0,0,0,0,0,0,0,0,0,0
"1096",14,33480001,34860001,1,1,0,0,0,0,1,0,0,0,0,0,0
"1097",14,34860001,34950001,1,1,0,0,0,0,1,0,0,1,0,1,0
"1098",14,34950001,36360000,1,1,0,0,0,0,1,0,0,1,1,1,0
"1099",14,36360000,36390000,0,1,0,0,0,0,1,0,0,0,1,1,0
"1100",14,36390000,37050001,0,1,0,0,0,0,1,0,0,0,0,0,0
"1101",14,37050001,39240000,1,1,0,0,0,0,1,0,0,0,0,0,0
"1102",14,39240000,39240001,1,1,0,0,0,0,0,0,0,0,0,0,0
"1103",14,39240001,42870001,1,1,0,0,0,0,-1,0,0,0,0,0,0
"1104",14,42870001,43020000,1,1,0,0,0,0,-1,0,0,-2,0,0,0
"1105",14,43020000,49530000,1,1,0,0,0,0,-1,0,0,0,0,0,0
"1106",14,49530000,49890001,0,1,0,0,0,0,-1,0,0,0,0,0,0
"1107",14,49890001,49950001,1,1,0,0,0,0,-1,0,0,0,0,0,0
"1108",14,49950001,50010001,1,1,0,0,0,0,-1,1,0,0,0,0,0
"1109",14,50010001,51240000,1,1,0,0,0,0,-1,1,0,1,0,0,0
"1110",14,51240000,51600000,1,1,0,0,0,0,-1,1,0,0,0,0,0
"1111",14,51600000,53700000,1,1,0,0,0,0,-1,0,0,0,0,0,0
"1112",14,53700000,56790001,1,1,0,0,0,0,0,0,0,0,0,0,0
"1113",14,56790001,57570000,1,1,0,0,0,-1,0,0,0,0,0,0,0
"1114",14,57570000,60870001,1,1,0,0,0,0,0,0,0,0,0,0,0
"1115",14,60870001,62280000,1,1,0,0,0,0,1,0,0,0,0,0,0
"1116",14,62280000,63630001,0,1,0,0,0,0,0,0,0,0,0,0,0
"1117",14,63630001,63840001,0,1,0,0,0,0,1,0,0,0,0,0,0
"1118",14,63840001,65040000,1,1,0,0,0,0,1,0,0,0,0,1,0
"1119",14,65040000,65190000,1,1,0,0,0,0,1,0,0,0,0,0,0
"1120",14,65190000,68070001,1,1,0,0,0,0,0,0,0,0,0,0,0
"1121",14,68070001,68250001,1,1,0,0,0,0,0,0,0,0,0,0,1
"1122",14,68250001,68280001,1,1,0,0,0,0,0,1,0,0,0,0,1
"1123",14,68280001,69570000,1,1,0,0,1,1,0,1,0,0,0,0,1
"1124",14,69570000,69600000,1,1,0,0,0,0,0,1,0,0,0,0,1
"1125",14,69600000,70200000,1,1,0,0,0,0,0,1,0,0,0,0,0
"1126",14,70200000,70260000,1,1,0,0,0,0,0,0,0,0,0,0,0
"1127",14,70260000,71010001,0,1,0,0,0,0,0,0,0,0,0,0,0
"1128",14,71010001,73440001,1,1,0,0,0,0,0,0,0,0,0,0,0
"1129",14,73440001,73500001,1,1,0,0,0,0,0,0,0,0,0,1,0
"1130",14,73500001,74670000,1,1,0,0,0,0,0,1,0,0,0,1,0
"1131",14,74670000,74910001,1,1,0,0,0,0,0,1,0,0,0,0,0
"1132",14,74910001,75480001,1,1,0,0,0,1,0,1,0,0,0,0,0
"1133",14,75480001,75810001,1,1,0,0,1,1,0,1,0,0,0,0,0
"1134",14,75810001,76350000,1,1,0,0,1,1,1,1,0,0,0,0,0
"1135",14,76350000,76380000,1,1,0,0,0,1,1,1,0,0,0,0,0
"1136",14,76380000,76410000,1,1,0,0,0,0,1,1,0,0,0,0,0
"1137",14,76410000,76680000,1,1,0,0,0,0,1,0,0,0,0,0,0
"1138",14,76680000,77070001,1,0,0,0,0,0,1,0,0,0,0,0,0
"1139",14,77070001,78240000,1,1,0,0,0,0,1,0,0,0,0,0,0
"1140",14,78240000,81000001,0,1,0,0,0,0,1,0,0,0,0,0,0
"1141",14,81000001,81060000,1,1,0,0,0,0,1,0,0,0,0,0,0
"1142",14,81060000,81060001,1,1,0,0,0,0,0,0,0,0,0,0,0
"1143",14,81060001,82050000,1,1,0,0,0,0,-1,0,0,0,0,0,0
"1144",14,82050000,84000001,0,1,0,0,0,0,-1,0,0,0,0,0,0
"1145",14,84000001,84930000,1,1,0,0,0,0,-1,0,0,0,0,0,0
"1146",14,84930000,88230000,0,1,0,0,0,0,-1,0,0,0,0,0,0
"1147",14,88230000,88230001,0,1,0,0,0,0,0,0,0,0,0,0,0
"1148",14,88230001,88860001,0,1,0,0,0,0,1,0,0,0,0,0,0
"1149",14,88860001,92460000,1,1,0,0,0,0,1,0,0,0,0,0,0
"1150",14,92460000,92460001,1,1,0,0,0,0,0,0,0,0,0,0,0
"1151",14,92460001,92640000,1,1,0,0,0,0,-1,0,0,0,0,0,0
"1152",14,92640000,92640001,0,1,0,0,0,0,-1,0,0,0,0,0,0
"1153",14,92640001,93120000,-1,1,0,0,0,0,-1,0,0,0,0,0,0
"1154",14,93120000,93120001,0,1,0,0,0,0,-1,0,0,0,0,0,0
"1155",14,93120001,97050000,1,1,0,0,0,0,-1,0,0,0,0,0,0
"1156",14,97050000,99840001,0,1,0,0,0,0,-1,0,0,0,0,0,0
"1157",14,99840001,101190000,1,1,0,0,0,0,-1,0,0,0,0,0,0
"1158",14,101190000,101190001,1,1,0,0,0,0,0,0,0,0,0,0,0
"1159",14,101190001,103590000,1,1,0,0,0,0,1,0,0,0,0,0,0
"1160",14,103590000,104490000,1,1,0,0,0,0,0,0,0,0,0,0,0
"1161",14,104490000,104610000,1,0,0,0,0,0,0,0,0,0,0,0,0
"1162",14,104610000,104610001,0,0,0,0,0,0,0,0,0,0,0,0,0
"1163",14,104610001,105090000,-1,0,0,0,0,0,0,0,0,0,0,0,0
"1164",14,105090000,105090001,0,0,0,0,0,0,0,0,0,0,0,0,0
"1165",14,105090001,105150001,1,0,0,0,0,0,0,0,0,0,0,0,0
"1166",14,105150001,107310000,1,1,0,0,0,0,0,0,0,0,0,0,0
"1167",15,22320001,22590000,1,1,0,0,1,0,1,0,0,1,0,0,0
"1168",15,22590000,23070000,1,1,0,0,0,0,0,0,0,0,0,0,0
"1169",15,23070000,23700001,0,1,0,0,0,0,0,0,0,0,0,0,0
"1170",15,23700001,25410001,-1,1,0,0,0,0,0,0,0,0,0,0,0
"1171",15,25410001,25500000,-1,1,0,0,0,0,0,0,0,0,-1,-1,0
"1172",15,25500000,25560001,0,1,0,0,0,0,0,0,0,0,0,0,0
"1173",15,25560001,26820000,0,1,0,0,0,0,1,0,0,0,0,0,0
"1174",15,26820000,26820001,0,1,0,0,0,0,0,0,0,0,0,0,0
"1175",15,26820001,34140001,0,1,0,0,0,0,-1,0,0,0,0,0,0
"1176",15,34140001,35070001,0,1,0,0,0,0,-1,0,0,0,0,1,0
"1177",15,35070001,35130001,0,1,0,0,0,0,-1,0,0,0,0,1,1
"1178",15,35130001,37110000,1,1,0,0,0,0,-1,0,0,0,0,1,1
"1179",15,37110000,37890000,0,1,0,0,0,0,-1,0,0,0,0,1,1
"1180",15,37890000,37890001,0,1,0,0,0,0,0,0,0,0,0,1,1
"1181",15,37890001,38700001,0,1,0,0,0,0,1,0,0,0,0,1,1
"1182",15,38700001,38790000,1,1,0,0,0,0,1,0,0,0,0,1,1
"1183",15,38790000,38790001,1,1,0,0,0,0,0,0,0,0,0,1,1
"1184",15,38790001,40740001,1,1,0,0,0,0,-1,0,0,0,0,1,1
"1185",15,40740001,40830000,1,1,0,0,0,0,-1,0,0,0,1,1,1
"1186",15,40830000,40830001,1,1,0,0,0,0,0,0,0,0,1,1,1
"1187",15,40830001,41610000,1,1,0,0,0,0,1,0,0,0,1,1,1
"1188",15,41610000,42060000,1,1,0,0,0,0,0,0,0,0,1,1,1
"1189",15,42060000,53070000,1,1,0,0,0,0,0,0,0,0,0,1,1
"1190",15,53070000,53730001,0,1,0,0,0,0,0,0,0,0,0,1,1
"1191",15,53730001,54270000,1,1,0,0,0,0,0,0,0,0,0,1,1
"1192",15,54270000,55470001,0,1,0,0,0,0,0,0,0,0,0,1,1
"1193",15,55470001,59820001,1,1,0,0,0,0,0,0,0,0,0,1,1
"1194",15,59820001,60570000,1,1,0,0,0,0,1,0,0,0,0,1,1
"1195",15,60570000,60570001,1,1,0,0,0,0,0,0,0,0,0,1,1
"1196",15,60570001,62310000,1,1,0,0,0,0,-1,0,0,0,0,1,1
"1197",15,62310000,62310001,1,1,0,0,0,0,0,0,0,0,0,1,1
"1198",15,62310001,63060001,1,1,0,0,0,0,1,0,0,0,0,1,1
"1199",15,63060001,64410000,1,1,0,0,1,0,1,0,0,0,0,1,1
"1200",15,64410000,65160000,1,1,0,0,0,0,1,0,0,0,0,1,1
"1201",15,65160000,65160001,1,1,0,0,0,0,0,0,0,0,0,1,1
"1202",15,65160001,69540000,1,1,0,0,0,0,-1,0,0,0,0,1,1
"1203",15,69540000,69540001,1,1,0,0,0,0,0,0,0,0,0,1,1
"1204",15,69540001,70590000,1,1,0,0,0,0,1,0,0,0,0,1,1
"1205",15,70590000,70590001,1,1,0,0,0,0,0,0,0,0,0,1,1
"1206",15,70590001,78000000,1,1,0,0,0,0,-1,0,0,0,0,1,1
"1207",15,78000000,78150000,1,0,0,0,0,0,-1,0,0,0,0,1,1
"1208",15,78150000,78150001,1,0,0,0,0,0,-1,0,0,0,0,0,1
"1209",15,78150001,78300000,1,0,0,0,0,0,-1,0,0,0,0,-1,1
"1210",15,78300000,78300001,1,0,0,0,0,0,-1,0,0,0,0,0,1
"1211",15,78300001,83460000,1,0,0,0,0,0,-1,0,0,0,0,1,1
"1212",15,83460000,83460001,1,0,0,0,0,0,0,0,0,0,0,1,1
"1213",15,83460001,84030000,1,0,0,0,0,0,1,0,0,0,0,1,1
"1214",15,84030000,84030001,1,0,0,0,0,0,0,0,0,0,0,1,1
"1215",15,84030001,90210001,1,0,0,0,0,0,-1,0,0,0,0,1,1
"1216",15,90210001,93570000,1,1,0,0,0,0,-1,0,0,0,0,1,1
"1217",15,93570000,93630000,1,0,0,0,0,0,-1,0,0,0,0,1,1
"1218",15,93630000,96120001,0,0,0,0,0,0,-1,0,0,0,0,1,1
"1219",15,96120001,96300001,1,0,0,0,0,0,-1,0,0,0,0,1,1
"1220",15,96300001,96720000,1,1,0,0,0,0,-1,0,0,0,0,1,1
"1221",15,96720000,96870000,1,1,0,0,0,0,0,0,0,0,0,1,1
"1222",15,96870000,99060001,0,0,0,0,0,0,0,0,0,0,0,1,1
"1223",15,99060001,99120001,0,0,0,0,0,0,1,0,0,0,0,1,1
"1224",15,99120001,100020000,1,1,0,0,0,0,1,0,0,0,0,1,1
"1225",15,100020000,102390000,1,1,0,0,0,0,0,0,0,0,0,1,1
"1226",16,90001,1320001,1,0,0,0,0,0,1,0,0,0,1,0,0
"1227",16,1320001,5010000,1,1,0,0,0,0,1,0,0,0,1,0,0
"1228",16,5010000,5040001,1,0,0,0,0,0,1,0,0,0,1,0,0
"1229",16,5040001,8670001,1,0,0,0,0,-1,1,0,0,0,1,0,0
"1230",16,8670001,8850000,1,1,0,0,0,-1,1,0,0,0,1,0,0
"1231",16,8850000,9210000,1,1,0,0,0,0,1,0,0,0,1,0,0
"1232",16,9210000,9240001,1,0,0,0,0,0,1,0,0,0,1,0,0
"1233",16,9240001,10080000,1,0,0,0,0,-1,1,0,0,0,1,0,0
"1234",16,10080000,10380001,1,0,0,0,0,0,1,0,0,0,1,0,0
"1235",16,10380001,12450000,1,1,0,0,0,0,1,0,0,0,1,0,0
"1236",16,12450000,14010001,1,0,0,0,0,0,1,0,0,0,1,0,0
"1237",16,14010001,15780000,1,1,0,0,0,0,1,0,0,0,1,0,0
"1238",16,15780000,23700000,1,0,0,0,0,0,1,0,0,0,1,0,0
"1239",16,23700000,24540001,0,0,0,0,0,0,1,0,0,0,1,0,0
"1240",16,24540001,25290000,1,0,0,0,0,0,1,0,0,0,1,0,0
"1241",16,25290000,27150001,0,0,0,0,0,0,1,0,0,0,1,0,0
"1242",16,27150001,29760001,1,0,0,0,0,0,1,0,0,0,1,0,0
"1243",16,29760001,31200000,1,1,0,0,0,0,1,0,0,0,1,0,0
"1244",16,31200000,31500000,1,0,0,0,0,0,1,0,0,0,1,0,0
"1245",16,31500000,31830001,1,0,0,0,0,0,1,0,0,0,0,0,0
"1246",16,31830001,34230001,1,0,0,0,0,0,1,-1,0,0,0,0,0
"1247",16,34230001,34380000,1,0,0,-1,0,0,1,-1,0,0,0,0,0
"1248",16,34380000,34410001,1,0,0,-1,0,0,0,-1,0,0,0,0,0
"1249",16,34410001,35130000,1,0,0,-1,0,0,-1,-1,0,0,0,0,0
"1250",16,35130000,46530001,0,0,0,-1,0,0,-1,-1,0,0,0,0,0
"1251",16,46530001,48180000,-1,0,0,-1,0,0,-1,-1,0,0,0,0,0
"1252",16,48180000,48180001,0,0,0,-1,0,0,-1,-1,0,0,0,0,0
"1253",16,48180001,48660001,1,0,0,-1,0,0,-1,-1,0,0,0,0,0
"1254",16,48660001,48720000,1,0,0,-1,0,-1,-1,-1,0,0,0,0,0
"1255",16,48720000,48720001,0,0,0,-1,0,-1,-1,-1,0,0,0,0,0
"1256",16,48720001,50220000,-1,0,0,-1,0,-1,-1,-1,0,0,0,0,0
"1257",16,50220000,50220001,-1,0,0,-1,0,0,-1,-1,0,0,0,0,0
"1258",16,50220001,50910000,-1,0,0,-1,0,1,-1,-1,0,0,0,0,0
"1259",16,50910000,52410000,-1,0,0,-1,0,0,-1,-1,0,0,0,0,0
"1260",16,52410000,52410001,0,0,0,-1,0,0,-1,-1,0,0,0,0,0
"1261",16,52410001,54240000,1,1,0,-1,0,0,-1,-1,0,0,0,0,0
"1262",16,54240000,54840000,0,1,0,-1,0,0,-1,-1,0,0,0,0,0
"1263",16,54840000,54990001,0,0,0,-1,0,0,-1,-1,0,0,0,0,0
"1264",16,54990001,55710001,-1,0,0,-1,0,0,-1,-1,0,0,0,0,0
"1265",16,55710001,56370000,-1,0,0,-1,0,-1,-1,-1,0,0,0,0,0
"1266",16,56370000,56370001,0,0,0,-1,0,-1,-1,-1,0,0,0,0,0
"1267",16,56370001,57510000,1,1,0,-1,0,-1,-1,-1,0,0,0,0,0
"1268",16,57510000,57510001,0,1,0,-1,0,-1,-1,-1,0,0,0,0,0
"1269",16,57510001,57720000,-1,1,0,-1,0,-1,-1,-1,0,0,0,0,0
"1270",16,57720000,60420000,-1,0,0,-1,0,-1,-1,-1,0,0,0,0,0
"1271",16,60420000,60450000,-1,0,0,-1,0,-1,0,-1,0,0,0,0,0
"1272",16,60450000,60960001,0,0,0,-1,0,-1,0,-1,0,0,0,0,0
"1273",16,60960001,64290001,-1,0,0,-1,0,-1,0,-1,0,0,0,0,0
"1274",16,64290001,65130000,-1,0,0,-1,0,-1,-1,-1,0,0,0,0,0
"1275",16,65130000,65730000,-1,0,0,0,0,-1,-1,-1,0,0,0,0,0
"1276",16,65730000,66570000,0,0,0,0,0,-1,-1,-1,0,0,0,0,0
"1277",16,66570000,66660001,0,0,0,0,0,-1,-1,0,0,0,0,0,0
"1278",16,66660001,68820001,0,1,0,0,0,-1,-1,0,0,0,0,0,0
"1279",16,68820001,68880001,0,1,0,0,0,-1,-1,0,0,0,0,1,0
"1280",16,68880001,69720000,0,1,0,0,0,-1,-1,0,1,1,0,1,0
"1281",16,69720000,69870000,0,1,0,0,0,-1,-1,0,1,0,0,1,0
"1282",16,69870000,69900000,0,1,0,0,0,-1,-1,0,1,0,0,0,0
"1283",16,69900000,70290001,0,0,0,0,0,-1,-1,0,1,0,0,0,0
"1284",16,70290001,70470000,0,0,0,-1,0,-1,-1,0,1,0,0,0,0
"1285",16,70470000,70470001,0,0,0,-1,0,-1,-1,0,0,0,0,0,0
"1286",16,70470001,70800001,0,0,0,-1,0,-1,-1,0,-1,0,0,0,0
"1287",16,70800001,72120001,0,0,0,-1,0,-1,-1,-1,-1,0,0,0,0
"1288",16,72120001,74190000,-1,0,0,-1,0,-1,-1,-1,-1,0,0,0,0
"1289",16,74190000,75690001,0,0,0,-1,0,-1,-1,-1,-1,0,0,0,0
"1290",16,75690001,83520000,-1,0,0,-1,0,-1,-1,-1,-1,0,0,0,0
"1291",16,83520000,85200000,0,0,0,-1,0,-1,-1,-1,-1,0,0,0,0
"1292",16,85200000,85200001,0,0,0,-1,0,-1,0,-1,-1,0,0,0,0
"1293",16,85200001,85740000,0,0,0,-1,0,-1,1,-1,-1,0,0,0,0
"1294",16,85740000,85740001,0,0,0,-1,0,-1,0,-1,-1,0,0,0,0
"1295",16,85740001,85890001,0,0,0,-1,0,-1,-1,-1,-1,0,0,0,0
"1296",16,85890001,90150000,-1,0,0,-1,0,-1,-1,-1,-1,0,0,0,0
"1297",17,1,32640001,-2,-1,0,0,-1,-2,-2,0,-2,-2,-1,-2,-1
"1298",17,32640001,43410000,-2,-1,0,0,-1,-2,-2,1,-2,-2,-1,-2,-1
"1299",17,43410000,43410001,-2,-1,0,0,-1,-2,-2,0,-2,-2,-1,-2,-1
"1300",17,43410001,43500000,-2,-1,-2,0,-1,-2,-2,-2,-2,-2,-1,-2,-1
"1301",17,43500000,43710001,-2,-1,-2,0,-1,-2,-2,0,-2,-2,-1,-2,-1
"1302",17,43710001,81090000,-2,-1,-2,0,-1,-2,-2,-1,-2,-2,-1,-2,-1
"1303",18,150001,750000,1,-1,0,0,0,0,0,0,0,0,0,0,0
"1304",18,750000,750001,0,-1,0,0,0,0,0,0,0,0,0,0,0
"1305",18,750001,2040000,-1,-1,0,0,0,0,0,0,0,0,0,0,0
"1306",18,2040000,2040001,0,-1,0,0,0,0,0,0,0,0,0,0,0
"1307",18,2040001,2310001,1,-1,0,0,0,0,0,0,0,0,0,0,0
"1308",18,2310001,2520001,1,-1,0,0,0,0,1,0,0,0,0,0,0
"1309",18,2520001,3720000,1,-1,0,0,0,1,1,1,0,0,0,0,0
"1310",18,3720000,3750000,1,-1,0,0,0,1,1,0,0,0,0,0,0
"1311",18,3750000,3750001,1,-1,0,0,0,0,1,0,0,0,0,0,0
"1312",18,3750001,3780000,1,-1,0,0,0,-1,1,0,0,0,0,0,0
"1313",18,3780000,3780001,0,-1,0,0,0,-1,1,0,0,0,0,0,0
"1314",18,3780001,3870000,-1,-1,0,0,0,-1,1,0,0,0,0,0,0
"1315",18,3870000,7440000,-1,-1,0,0,0,-1,0,0,0,0,0,0,0
"1316",18,7440000,9030000,-1,-1,0,0,0,0,0,0,0,0,0,0,0
"1317",18,9030000,9030001,0,-1,0,0,0,0,0,0,0,0,0,0,0
"1318",18,9030001,9060000,1,-1,0,0,0,0,0,0,0,0,0,0,0
"1319",18,9060000,9960000,1,0,0,0,0,0,0,0,0,0,0,0,0
"1320",18,9960000,9960001,0,0,0,0,0,0,0,0,0,0,0,0,0
"1321",18,9960001,10530001,-1,0,0,0,0,0,0,0,0,0,0,0,0
"1322",18,10530001,12360000,-1,-1,0,0,0,0,0,0,0,0,0,0,0
"1323",18,12360000,12360001,0,-1,0,0,0,0,0,0,0,0,0,0,0
"1324",18,12360001,14910001,1,-1,0,0,0,0,0,0,0,0,0,0,0
"1325",18,14910001,14940000,1,-1,0,0,0,0,0,0,0,1,0,0,0
"1326",18,14940000,18540001,1,0,0,0,0,0,0,0,0,1,0,0,0
"1327",18,18540001,19380001,1,0,0,0,0,0,0,0,0,1,1,1,0
"1328",18,19380001,19410000,1,0,0,0,0,0,1,0,0,1,1,1,0
"1329",18,19410000,19800000,1,0,0,0,0,0,1,0,0,0,1,1,0
"1330",18,19800000,19980000,1,0,0,0,0,0,1,0,0,0,0,1,0
"1331",18,19980000,20550000,1,0,0,0,0,0,1,0,0,0,0,0,0
"1332",18,20550000,22080000,1,0,0,0,0,0,0,0,0,0,0,0,0
"1333",18,22080000,22080001,0,0,0,0,0,0,0,0,0,0,0,0,0
"1334",18,22080001,26190000,-1,0,0,0,0,0,0,0,0,0,0,0,0
"1335",18,26190000,29700001,0,0,0,0,0,0,0,0,0,0,0,0,0
"1336",18,29700001,35580000,-1,0,0,0,0,0,0,0,0,0,0,0,0
"1337",18,35580000,37980001,0,0,0,0,0,0,0,0,0,0,0,0,0
"1338",18,37980001,38760001,0,0,0,0,0,0,1,0,0,0,0,0,0
"1339",18,38760001,40890000,-1,0,0,0,0,0,1,0,0,0,0,0,0
"1340",18,40890000,45330000,-1,0,0,0,0,0,0,0,0,0,0,0,0
"1341",18,45330000,47850001,0,0,0,0,0,0,0,0,0,0,0,0,0
"1342",18,47850001,51600000,-1,0,0,0,0,0,0,0,0,0,0,0,0
"1343",18,51600000,51600001,0,0,0,0,0,0,0,0,0,0,0,0,0
"1344",18,51600001,52800000,1,0,0,0,0,0,0,0,0,0,0,0,0
"1345",18,52800000,53130001,0,0,0,0,0,0,0,0,0,0,0,0,0
"1346",18,53130001,54240000,-1,0,0,0,0,0,0,0,0,0,0,0,0
"1347",18,54240000,54720001,0,0,0,0,0,0,0,0,0,0,0,0,0
"1348",18,54720001,55200000,-1,0,0,0,0,0,0,0,0,0,0,0,0
"1349",18,55200000,55200001,0,0,0,0,0,0,0,0,0,0,0,0,0
"1350",18,55200001,56760001,0,0,0,0,0,0,0,1,0,0,0,0,0
"1351",18,56760001,56790000,-1,0,0,0,0,0,0,1,0,0,0,0,0
"1352",18,56790000,58470000,-1,0,0,0,0,0,0,0,0,0,0,0,0
"1353",18,58470000,59730001,0,0,0,0,0,0,0,0,0,0,0,0,0
"1354",18,59730001,60660001,1,0,0,0,0,0,0,1,0,0,0,0,0
"1355",18,60660001,60780001,1,0,0,0,0,0,1,1,0,0,0,0,0
"1356",18,60780001,61140000,1,1,0,0,0,0,1,1,0,0,0,0,0
"1357",18,61140000,61140001,0,0,0,0,0,0,1,0,0,0,0,0,0
"1358",18,61140001,63990000,-1,0,0,0,0,0,1,0,0,0,0,0,0
"1359",18,63990000,67800001,-1,0,0,0,0,0,0,0,0,0,0,0,0
"1360",18,67800001,68250000,-1,0,0,0,0,0,1,0,0,0,0,0,0
"1361",18,68250000,75000001,-1,0,0,0,0,0,0,0,0,0,0,0,0
"1362",18,75000001,76800000,-1,0,0,0,0,-1,0,0,0,0,0,0,0
"1363",18,76800000,78030000,-1,0,0,0,0,0,0,0,0,0,0,0,0
"1364",19,270001,600000,0,0,0,0,0,0,0,0,0,0,0,-1,0
"1365",19,600000,630001,0,0,0,0,0,0,0,0,0,0,0,0,0
"1366",19,630001,8640001,0,0,0,0,0,0,0,0,0,0,0,1,0
"1367",19,8640001,9990001,-1,0,0,0,0,0,0,0,0,0,0,1,0
"1368",19,9990001,10500001,-1,0,0,0,0,0,0,0,0,0,1,1,0
"1369",19,10500001,15720000,-1,0,0,0,0,0,1,0,0,0,1,1,0
"1370",19,15720000,15720001,-1,0,0,0,0,0,1,0,0,0,1,0,0
"1371",19,15720001,16170000,-1,0,0,0,0,0,1,0,0,0,1,-1,0
"1372",19,16170000,24300000,-1,0,0,0,0,0,1,0,0,0,1,0,0
"1373",19,24300000,24360000,-1,0,0,0,0,0,1,0,0,0,0,0,0
"1374",19,24360000,28320001,-1,0,0,0,0,0,0,0,0,0,0,0,0
"1375",19,28320001,29850001,-1,0,0,0,0,-1,0,0,0,0,0,0,0
"1376",19,29850001,34650000,-1,0,0,0,0,-1,0,0,0,0,1,0,0
"1377",19,34650000,38910001,-1,0,0,0,0,0,0,0,0,0,1,0,0
"1378",19,38910001,39060001,-1,0,0,1,0,0,0,0,0,0,1,0,0
"1379",19,39060001,41880000,-1,0,0,1,0,0,1,0,0,0,1,0,0
"1380",19,41880000,41880001,-1,0,0,1,0,0,0,0,0,0,1,0,0
"1381",19,41880001,41970000,-1,0,0,1,0,0,-1,0,0,0,1,0,0
"1382",19,41970000,41970001,-1,0,0,1,0,0,-1,0,0,0,0,0,0
"1383",19,41970001,42180000,-1,0,0,1,0,0,-1,0,0,0,-1,0,0
"1384",19,42180000,42180001,-1,0,0,1,0,0,-1,0,0,0,0,0,0
"1385",19,42180001,42390000,-1,0,0,1,0,0,-1,0,0,0,1,0,0
"1386",19,42390000,42390001,-1,0,0,1,0,0,0,0,0,0,1,0,0
"1387",19,42390001,43980000,-1,0,0,1,0,0,1,0,0,0,1,0,0
"1388",19,43980000,45150000,-1,0,0,0,0,0,1,0,0,0,1,0,0
"1389",19,45150000,46320000,0,0,0,0,0,0,1,0,0,0,1,0,0
"1390",19,46320000,46800001,0,0,0,0,0,0,0,0,0,0,1,0,0
"1391",19,46800001,49830000,0,0,0,0,0,0,0,0,0,0,1,0,-1
"1392",19,49830000,49830001,0,0,0,0,0,0,0,0,0,0,1,0,0
"1393",19,49830001,50430001,0,0,0,0,0,0,0,0,0,0,1,1,1
"1394",19,50430001,50460001,0,0,0,0,0,-1,0,0,0,0,1,1,1
"1395",19,50460001,52200000,-1,0,0,0,0,-1,0,0,0,0,1,1,1
"1396",19,52200000,52200001,-1,0,0,0,0,0,0,0,0,0,1,1,1
"1397",19,52200001,52980000,-1,0,0,0,0,1,0,0,0,0,1,1,1
"1398",19,52980000,54090000,-1,0,0,0,0,1,0,0,0,0,1,1,0
"1399",19,54090000,54090001,-1,0,0,0,0,0,0,0,0,0,1,1,0
"1400",19,54090001,54570001,-1,0,0,0,0,-1,0,0,0,0,1,1,0
"1401",19,54570001,57660000,-1,0,0,0,0,-1,0,0,0,0,1,1,1
"1402",19,57660000,57660001,-1,0,0,0,0,0,0,0,0,0,1,1,1
"1403",19,57660001,57690001,-1,0,0,0,0,1,0,0,0,0,1,1,1
"1404",19,57690001,58680000,-1,1,0,0,0,1,0,0,0,0,1,1,1
"1405",19,58680000,59100000,0,1,0,0,0,1,0,0,0,0,1,1,1
"1406",20,60001,840000,1,1,0,0,0,0,1,0,0,0,0,0,0
"1407",20,840000,2430001,0,1,0,0,0,0,1,0,0,0,0,0,0
"1408",20,2430001,4080000,1,1,0,0,0,0,1,0,0,0,0,0,0
"1409",20,4080000,7650001,0,1,0,0,0,0,1,0,0,0,0,0,0
"1410",20,7650001,20820000,1,1,0,0,0,0,1,0,0,0,0,0,0
"1411",20,20820000,21750001,0,1,0,0,0,0,1,0,0,0,0,0,0
"1412",20,21750001,23400001,0,1,0,0,0,0,1,0,-2,0,0,0,0
"1413",20,23400001,23640001,0,1,0,0,0,0,1,0,-2,0,0,-1,0
"1414",20,23640001,24000000,-1,1,0,0,0,0,1,0,-2,0,0,-1,0
"1415",20,24000000,24960000,-1,1,0,0,0,0,1,0,-2,0,0,0,0
"1416",20,24960000,24960001,0,1,0,0,0,0,1,0,-2,0,0,0,0
"1417",20,24960001,25260000,1,1,0,0,0,0,1,0,-2,0,0,0,0
"1418",20,25260000,32340000,1,1,0,0,0,0,1,0,0,0,0,0,0
"1419",20,32340000,33600001,1,1,0,0,0,0,0,0,0,0,0,0,0
"1420",20,33600001,37290000,1,1,0,0,0,0,1,0,0,0,0,0,0
"1421",20,37290000,38070000,0,1,0,0,0,0,1,0,0,0,0,0,0
"1422",20,38070000,38070001,0,1,0,0,0,0,0,0,0,0,0,0,0
"1423",20,38070001,38820001,0,1,0,0,0,0,-1,0,0,0,0,0,0
"1424",20,38820001,39690000,1,1,0,0,0,0,-1,0,0,0,0,0,0
"1425",20,39690000,39690001,1,1,0,0,0,0,0,0,0,0,0,0,0
"1426",20,39690001,39990000,1,1,0,0,0,0,1,0,0,0,0,0,0
"1427",20,39990000,46410001,1,1,0,0,0,0,0,0,0,0,0,0,0
"1428",20,46410001,47220000,1,1,0,0,0,0,0,0,0,0,0,-1,0
"1429",20,47220000,50820000,1,1,0,0,0,0,0,0,0,0,0,0,0
"1430",20,50820000,52170001,0,1,0,0,0,0,0,0,0,0,0,0,0
"1431",20,52170001,52890000,1,1,0,0,0,0,0,0,0,0,0,0,0
"1432",20,52890000,52890001,0,1,0,0,0,0,0,0,0,0,0,0,0
"1433",20,52890001,54930000,-1,1,0,0,0,0,0,0,0,0,0,0,0
"1434",20,54930000,54930001,0,1,0,0,0,0,0,0,0,0,0,0,0
"1435",20,54930001,57660000,1,1,0,0,0,0,0,0,0,0,0,0,0
"1436",20,57660000,57660001,0,1,0,0,0,0,0,0,0,0,0,0,0
"1437",20,57660001,58410000,-1,1,0,0,0,-1,0,0,0,0,0,0,0
"1438",20,58410000,58410001,0,1,0,0,0,-1,0,0,0,0,0,0,0
"1439",20,58410001,58560000,1,1,0,0,0,-1,0,0,0,0,0,0,0
"1440",20,58560000,58560001,0,1,0,0,0,-1,0,0,0,0,0,0,0
"1441",20,58560001,60540000,-1,1,0,0,0,-1,0,0,0,0,0,0,0
"1442",20,60540000,60540001,0,1,0,0,0,-1,0,0,0,0,0,0,0
"1443",20,60540001,62910000,1,1,0,0,0,-1,0,0,0,0,0,0,0
"1444",21,15480001,15870000,0,1,0,0,0,0,1,0,0,0,0,0,-1
"1445",21,15870000,16230001,0,0,0,0,0,0,1,0,0,0,0,0,-1
"1446",21,16230001,17130001,1,0,0,0,0,0,1,0,0,0,0,0,-1
"1447",21,17130001,17310000,1,-1,0,0,0,0,1,0,0,0,0,0,-1
"1448",21,17310000,17310001,0,-1,0,0,0,0,1,0,0,0,0,0,-1
"1449",21,17310001,19230000,-1,-1,0,0,0,0,1,0,0,0,0,0,-1
"1450",21,19230000,19230001,-1,0,0,0,0,0,1,0,0,0,0,0,-1
"1451",21,19230001,19890000,-1,1,0,0,0,0,1,0,0,0,0,0,-1
"1452",21,19890000,19890001,-1,0,0,0,0,0,1,0,0,0,0,0,-1
"1453",21,19890001,20220000,-1,-1,0,0,0,0,1,0,0,0,0,0,-1
"1454",21,20220000,22320000,0,-1,0,0,0,0,1,0,0,0,0,0,-1
"1455",21,22320000,22380001,0,-1,0,0,0,0,1,0,0,0,0,0,0
"1456",21,22380001,23370000,1,-1,0,0,0,0,1,0,0,0,0,0,0
"1457",21,23370000,24060000,0,-1,0,0,0,0,1,0,0,0,0,0,0
"1458",21,24060000,24900001,0,0,0,0,0,0,1,0,0,0,0,0,0
"1459",21,24900001,26910000,-1,0,0,0,0,0,1,0,0,0,0,0,0
"1460",21,26910000,26910001,0,0,0,0,0,0,1,0,0,0,0,0,0
"1461",21,26910001,27060001,1,0,0,0,0,0,1,0,0,0,0,0,0
"1462",21,27060001,27540000,1,1,0,0,0,0,1,0,0,0,0,0,0
"1463",21,27540000,28650001,0,0,0,0,0,0,1,0,0,0,0,0,0
"1464",21,28650001,28830001,0,-1,0,0,0,0,1,0,0,0,0,0,0
"1465",21,28830001,30750000,1,-1,0,0,0,0,1,0,0,0,0,0,0
"1466",21,30750000,31020000,1,-1,0,0,0,0,0,0,0,0,0,0,0
"1467",21,31020000,31110000,1,0,0,0,0,0,0,0,0,0,0,0,0
"1468",21,31110000,31110001,0,0,0,0,0,0,0,0,0,0,0,0,0
"1469",21,31110001,33000000,-1,0,0,0,0,0,0,0,0,0,0,0,0
"1470",21,33000000,33000001,0,0,0,0,0,0,0,0,0,0,0,0,0
"1471",21,33000001,33210001,1,0,0,0,0,0,0,0,0,0,0,0,0
"1472",21,33210001,38910000,1,0,0,0,0,0,1,0,0,0,0,0,0
"1473",21,38910000,38910001,0,0,0,0,0,0,1,0,0,0,0,0,0
"1474",21,38910001,40530000,-1,0,0,0,0,0,1,0,0,0,0,0,0
"1475",21,40530000,40530001,0,0,0,0,0,0,1,0,0,0,0,0,0
"1476",21,40530001,41160000,1,0,0,0,0,0,1,0,0,0,0,0,0
"1477",21,41160000,41160001,0,0,0,0,0,0,1,0,0,0,0,0,0
"1478",21,41160001,41370001,-1,0,0,0,0,0,1,0,0,0,0,0,0
"1479",21,41370001,42330000,-1,0,0,0,0,-1,1,0,0,0,0,0,0
"1480",21,42330000,47640001,-1,0,0,0,0,0,1,0,0,0,0,0,0
"1481",21,47640001,48090000,-1,1,0,0,0,0,1,0,0,0,0,0,0
"1482",22,17280001,18930000,-1,1,-1,-1,0,-1,-1,0,-1,0,0,-1,-1
"1483",22,18930000,18960001,-1,0,-1,-1,0,-1,-1,0,-1,0,0,-1,-1
"1484",22,18960001,20040000,-1,-1,-1,-1,0,-1,-1,0,-1,0,0,-1,-1
"1485",22,20040000,20040001,-1,0,-1,-1,0,-1,-1,0,-1,0,0,-1,-1
"1486",22,20040001,23640000,-1,1,-1,-1,0,-1,-1,0,-1,0,0,-1,-1
"1487",22,23640000,23640001,-1,0,-1,-1,0,-1,-1,0,-1,0,0,-1,-1
"1488",22,23640001,24180000,-1,-1,-1,-1,0,-1,-1,0,-1,0,0,-1,-1
"1489",22,24180000,24180001,-1,0,-1,-1,0,-1,-1,0,-1,0,0,-1,-1
"1490",22,24180001,24270000,-1,1,-1,-1,0,-1,-1,0,-1,0,0,-1,-1
"1491",22,24270000,25620000,-1,1,-1,-1,0,-1,0,0,-1,0,0,-1,-1
"1492",22,25620000,28440001,-1,1,-1,0,0,-1,0,0,-1,0,0,-1,-1
"1493",22,28440001,28650000,-1,1,-1,0,0,-1,-1,0,-1,0,0,-1,-1
"1494",22,28650000,28650001,-1,0,-1,0,0,-1,-1,0,-1,0,0,-1,-1
"1495",22,28650001,28800000,-1,-1,-1,0,0,-1,-1,0,-1,0,0,-1,-1
"1496",22,28800000,29010000,0,-1,-1,0,0,-1,-1,0,-1,0,0,-1,-1
"1497",22,29010000,29010001,0,0,-1,0,0,-1,-1,0,-1,0,0,-1,-1
"1498",22,29010001,30840001,0,1,-1,0,0,-1,-1,0,-1,0,0,-1,-1
"1499",22,30840001,31020000,-1,1,-1,0,0,-1,-1,0,-1,0,0,-1,-1
"1500",22,31020000,31020001,-1,0,-1,0,0,-1,-1,0,-1,0,0,-1,-1
"1501",22,31020001,31290000,-1,-1,-1,0,0,-1,-1,0,-1,0,0,-1,-1
"1502",22,31290000,31290001,-1,0,-1,0,0,-1,-1,0,-1,0,0,-1,-1
"1503",22,31290001,31350000,-1,1,-1,0,0,-1,-1,0,-1,0,0,-1,-1
"1504",22,31350000,31350001,0,1,-1,0,0,-1,-1,0,-1,0,0,-1,-1
"1505",22,31350001,31740000,1,1,-1,0,0,-1,-1,0,-1,0,0,-1,-1
"1506",22,31740000,31800001,1,1,-1,0,0,-1,0,0,-1,0,0,-1,-1
"1507",22,31800001,32370000,1,1,-1,0,0,-1,0,1,-1,0,0,-1,-1
"1508",22,32370000,32370001,0,1,-1,0,0,-1,0,1,-1,0,0,-1,-1
"1509",22,32370001,32430000,-1,1,-1,0,0,-1,0,1,-1,0,0,-1,-1
"1510",22,32430000,32550001,-1,1,-1,0,0,-1,0,0,-1,0,0,-1,-1
"1511",22,32550001,35640000,-1,1,-1,-1,0,-1,-1,0,-1,0,0,-1,-1
"1512",22,35640000,37620000,0,1,-1,-1,0,-1,-1,0,-1,0,0,-1,-1
"1513",22,37620000,37620001,0,0,-1,-1,0,-1,-1,0,-1,0,0,-1,-1
"1514",22,37620001,37920000,0,-1,-1,-1,0,-1,-1,0,-1,0,0,-1,-1
"1515",22,37920000,37920001,0,0,-1,-1,0,-1,-1,0,-1,0,0,-1,-1
"1516",22,37920001,45570000,0,1,-1,-1,0,-1,-1,0,-1,0,0,-1,-1
"1517",22,45570000,46500001,0,1,-1,-1,0,-1,0,0,-1,0,0,-1,-1
"1518",22,46500001,47010000,0,1,-1,-1,0,-1,-1,0,-1,0,0,-1,-1
"1519",22,47010000,48300001,0,0,-1,-1,0,-1,-1,0,-1,0,0,-1,-1
"1520",22,48300001,50130000,-1,0,-1,-1,0,-1,-1,0,-1,0,0,-1,-1
"1521",22,50130000,50610001,0,0,-1,-1,0,-1,-1,0,-1,0,0,-1,-1
"1522",22,50610001,51180000,0,1,-1,-1,0,-1,-1,0,-1,0,0,-1,-1
